age,sex,on_thyroxine,query_on_thyroxine,on_antithyroid_medication,sick,pregnant,thyroid_surgery,I131_treatment,query_hypothyroid,query_hyperthyroid,lithium,goitre,tumor,hypopituitary,psych,TSH_measured,TSH,T3_measured,T3,TT4_measured,TT4,T4U_measured,T4U,FTI_measured,FTI,TBG_measured,TBG,referral_source,Target,ID
35,F,f,f,f,f,f,f,f,f,f,f,f,f,f,f,f,?,f,?,f,?,f,?,f,?,f,?,other,negative,219
63,M,f,f,f,f,f,f,f,f,f,f,f,f,f,f,t,3.5,t,2.5,t,108,t,0.96,t,113,f,?,SVI,negative,2059
25,F,f,f,f,f,f,f,f,f,f,f,f,f,f,f,t,4.6,t,2.4,t,61,t,0.82,t,75,f,?,SVHD,negative,399
53,F,f,f,f,f,f,f,f,t,f,f,f,f,f,f,t,0.25,t,2.1,t,145,t,1.03,t,141,f,?,other,negative,1911
92,F,f,f,f,f,f,f,f,f,f,f,f,f,f,f,t,0.7,t,1.3,t,120,t,0.84,t,143,f,?,SVI,negative,487
67,M,f,f,f,f,f,f,f,t,f,f,f,f,f,f,t,0.81,f,?,t,84,t,0.83,t,101,f,?,other,negative,1234
60,F,f,f,f,f,f,f,f,f,f,f,f,f,f,f,t,1.2,t,2.6,t,117,t,1.31,t,90,f,?,other,negative,1113
60,F,f,f,f,f,f,f,f,f,f,f,f,f,f,f,t,27,t,1.8,t,65,t,0.99,t,66,f,?,SVI,negative,1344
48,F,f,f,f,f,f,f,f,f,f,f,f,f,f,f,t,2.8,f,?,t,112,t,0.92,t,121,f,?,other,negative,2758
27,F,f,f,f,f,f,f,f,f,f,f,f,f,f,f,t,2.6,t,2.2,t,94,t,0.89,t,106,f,?,SVI,negative,3230
73,F,f,f,f,f,f,f,f,f,f,f,f,f,f,f,t,4.4,t,1.2,t,95,t,1.11,t,85,f,?,SVI,negative,1249
19,M,f,f,f,f,f,f,f,f,f,f,f,f,f,f,t,3.1,t,2.8,t,131,t,0.95,t,138,f,?,SVHC,negative,825
72,F,f,f,f,f,f,f,f,t,f,f,f,f,f,f,t,1.1,f,?,t,131,t,0.5,t,265,f,?,other,negative,3231
16,M,f,f,f,f,f,f,f,f,f,f,f,f,f,f,t,4.5,f,?,f,?,f,?,f,?,f,?,other,negative,3563
54,F,f,f,f,f,f,f,f,f,f,f,f,f,f,f,t,0.14,t,3.4,t,105,f,?,f,?,f,?,other,negative,3076
39,F,t,f,f,f,f,f,f,f,f,f,f,f,f,f,t,0.06,t,2.4,t,148,t,1.07,t,138,f,?,other,negative,3272
38,?,f,f,f,f,f,f,f,f,f,f,f,f,f,t,t,1.1,t,2.2,t,145,t,1.23,t,118,f,?,SVHC,negative,3710
33,F,f,f,f,f,f,f,f,f,f,f,f,f,f,f,f,?,f,?,f,?,f,?,f,?,f,?,other,negative,1957
45,F,f,f,f,f,f,f,f,f,f,f,f,f,f,f,t,7.4,t,1.4,t,108,t,1.08,t,100,f,?,SVI,negative,567
54,F,f,f,f,f,f,f,f,f,f,f,f,f,f,f,t,1.2,t,1.7,t,81,t,0.87,t,94,f,?,other,negative,1721
21,F,f,f,f,f,f,f,f,f,f,f,t,f,f,f,f,?,f,?,t,132,t,0.87,t,152,f,?,other,negative,3595
19,M,f,f,f,f,f,f,f,f,f,f,f,f,f,f,t,2.3,t,2.3,t,82,t,0.88,t,92,f,?,other,negative,3368
51,F,f,f,f,f,f,f,f,f,f,f,f,f,f,f,f,?,f,?,t,92,t,0.83,t,111,f,?,other,negative,1510
63,F,f,f,f,f,f,f,f,f,f,f,f,f,f,f,t,2,t,1.8,t,133,t,1.16,t,115,f,?,SVI,negative,352
51,F,f,f,f,f,f,f,f,f,f,f,f,t,f,f,t,5.8,f,?,t,261,t,2.32,t,113,f,?,other,negative,3458
64,M,f,f,f,f,f,f,f,f,f,f,f,f,f,f,t,0.78,f,?,t,106,t,0.88,t,121,f,?,SVI,negative,3735
19,F,f,f,f,f,f,f,f,f,f,f,f,f,f,f,t,4,t,2.2,t,90,t,1.16,t,78,f,?,other,negative,1614
40,F,f,f,f,f,f,f,f,f,f,f,f,f,f,f,t,1,t,1.1,t,111,t,1.02,t,109,f,?,other,negative,1216
54,F,f,f,f,f,f,f,f,f,f,f,f,f,f,f,t,0.52,f,?,t,96,t,0.69,t,140,f,?,SVI,negative,3386
19,F,f,f,f,f,f,f,f,f,f,f,f,t,f,t,t,0.4,t,2.4,t,103,t,0.91,t,114,f,?,SVHC,negative,501
33,F,f,f,f,f,f,f,f,f,f,f,f,f,f,f,t,0.3,t,2.1,t,112,f,?,f,?,f,?,other,negative,1798
71,M,f,f,f,f,f,f,f,f,f,f,f,f,f,f,t,0.1,t,1.4,t,120,t,0.87,t,138,f,?,other,negative,191
49,F,f,f,f,f,f,f,f,f,f,f,f,f,f,f,t,1.9,t,1.8,t,81,t,0.91,t,88,f,?,other,negative,947
79,F,f,f,f,f,f,f,f,f,f,f,f,f,f,f,t,17,t,1.6,t,66,t,1,t,65,f,?,other,negative,595
21,F,f,f,f,f,f,f,f,f,t,f,f,f,f,f,f,?,t,3.7,t,162,t,1.47,t,110,f,?,other,negative,663
20,F,f,f,f,f,f,f,f,f,f,f,f,f,f,f,t,1.3,t,2.6,t,87,f,?,f,?,f,?,other,negative,2095
20,F,f,f,f,f,f,f,f,f,f,f,t,f,f,f,t,0.2,t,3,t,135,t,1.29,t,105,f,?,other,negative,1952
79,M,f,f,f,f,f,f,f,f,f,f,f,f,f,f,t,0.005,t,3.4,t,151,t,0.74,t,203,f,?,other,hyperthyroid,1610
64,F,t,f,f,f,f,f,f,f,f,f,f,f,f,f,t,1.2,f,?,t,89,t,0.95,t,94,f,?,other,negative,1369
59,F,f,f,f,f,f,f,f,f,f,f,f,f,f,f,t,0.015,t,1.5,t,140,t,0.88,t,160,f,?,SVI,negative,917
63,F,f,f,f,f,f,f,f,f,f,f,f,f,f,f,t,1.9,t,1.9,t,125,t,1.01,t,124,f,?,SVI,negative,2344
37,M,f,f,f,f,f,f,f,f,f,f,f,f,f,f,t,12,f,?,t,68,t,0.62,t,111,f,?,other,negative,3495
42,F,f,f,f,f,f,f,f,f,f,f,f,f,f,f,t,2.3,t,2.2,t,178,t,1.26,t,142,f,?,other,negative,2673
46,F,f,f,f,f,f,f,f,f,f,f,f,f,f,f,t,1.5,t,1.6,t,125,t,1.06,t,118,f,?,SVHC,negative,2482
27,M,f,f,f,f,f,f,f,f,f,f,f,f,f,f,t,2.9,f,?,t,112,t,0.95,t,117,f,?,other,negative,3158
67,F,f,f,f,f,f,f,f,f,f,f,f,f,f,f,t,1.1,t,2.3,t,114,t,1.1,t,104,f,?,SVI,negative,2576
50,F,t,f,f,f,f,f,f,f,f,f,f,f,f,f,t,4,f,?,t,120,t,0.8,t,150,f,?,other,negative,46
59,F,f,f,f,f,f,f,f,f,t,f,f,f,f,f,f,?,t,2.1,t,98,t,0.9,t,108,f,?,other,negative,3425
73,F,f,f,f,f,f,f,f,f,f,f,f,f,f,f,t,0.05,t,1.9,t,76,t,0.88,t,86,f,?,SVI,negative,507
67,F,t,f,f,f,f,f,f,t,f,f,f,f,f,f,t,0.42,t,1.4,t,140,t,0.98,t,143,f,?,SVI,negative,2449
69,F,t,f,f,f,f,f,f,f,f,f,f,f,f,f,t,0.1,t,2.1,t,188,t,0.97,t,194,f,?,other,negative,3527
30,F,f,f,f,f,f,f,f,f,f,f,f,t,f,f,t,1.4,t,2.2,t,122,t,1.1,t,111,f,?,other,negative,2917
31,F,t,f,f,f,f,f,f,t,f,f,f,f,f,f,t,5,f,?,t,141,t,1.09,t,130,f,?,other,negative,3597
31,F,f,f,f,f,f,f,f,f,f,f,f,f,f,f,t,0.3,t,2.7,t,108,t,1.05,t,103,f,?,SVHC,negative,401
38,F,f,f,f,f,f,f,f,f,f,f,f,f,f,f,t,0.5,t,2.2,t,88,t,0.96,t,92,f,?,SVI,negative,403
89,M,f,f,f,f,f,f,f,f,f,f,f,f,f,f,t,0.9,t,2.4,t,105,t,0.95,t,110,f,?,SVI,negative,1871
77,F,f,f,f,f,f,f,f,f,f,f,f,f,f,f,t,2.1,t,0.8,t,99,t,0.88,t,113,f,?,SVI,negative,1342
48,F,f,f,f,f,f,f,f,f,f,f,f,f,f,f,t,0.15,t,2.7,t,119,t,1.12,t,106,f,?,SVI,negative,1835
68,M,f,f,f,f,f,f,f,f,f,t,f,f,f,f,t,1.9,f,?,t,93,t,0.86,t,108,f,?,SVHC,negative,3712
54,F,f,f,f,f,f,f,f,f,f,f,f,f,f,f,t,1.8,t,1.8,t,94,t,1,t,94,f,?,other,negative,3308
64,F,f,f,f,f,f,f,f,f,f,f,f,f,f,f,t,7.6,t,4.2,t,164,t,1.55,t,106,f,?,other,negative,738
65,F,t,f,f,f,f,f,f,f,f,f,f,f,f,f,t,0.05,t,3.4,t,210,t,1.05,t,199,f,?,other,negative,382
68,F,f,f,f,f,f,f,f,f,f,f,f,f,f,f,t,2.8,t,1.9,t,123,t,1.16,t,106,f,?,SVI,negative,2866
51,F,t,f,f,f,f,f,f,f,f,f,f,f,f,f,t,1.6,f,?,t,160,t,1.09,t,147,f,?,other,negative,2550
73,M,f,f,f,f,f,f,f,f,f,f,f,f,f,f,t,0.79,t,1.5,t,110,t,0.88,t,125,f,?,SVI,negative,2418
24,F,f,f,f,f,f,f,f,f,f,f,f,f,f,t,t,3.7,t,2.3,t,100,t,1.11,t,90,f,?,SVHC,negative,2423
24,M,f,f,f,f,f,f,f,f,f,f,f,f,f,f,t,2,t,1.6,t,96,f,?,f,?,f,?,other,negative,998
75,F,f,f,f,f,f,f,f,f,f,f,f,f,f,f,t,0.77,t,2.3,t,83,t,0.89,t,94,f,?,other,negative,2753
71,M,f,f,f,f,f,f,f,f,f,f,f,f,f,f,t,1.9,t,1.2,t,61,t,0.8,t,76,f,?,other,negative,214
80,M,f,f,f,f,f,f,f,f,t,f,f,f,f,f,t,0.2,t,1.8,t,111,t,0.97,t,114,f,?,SVI,negative,626
48,M,f,f,f,f,f,f,f,f,f,f,f,f,f,f,t,0.64,t,2.3,t,107,t,1.06,t,101,f,?,other,negative,1252
23,F,f,f,f,f,f,f,f,f,f,f,f,f,f,f,t,2.7,t,2,t,90,t,0.93,t,97,f,?,other,negative,1092
11,F,f,f,f,f,f,f,f,f,t,f,f,f,f,f,f,?,f,?,f,?,f,?,f,?,f,?,other,negative,682
18,F,f,f,f,f,f,f,f,f,f,f,f,f,f,f,t,0.98,f,?,t,158,t,1.31,t,120,f,?,other,negative,3630
62,F,t,t,f,f,f,f,f,f,f,f,f,f,f,f,t,0.025,t,2.2,t,183,t,1.03,t,178,f,?,other,negative,1309
76,?,f,f,f,f,f,f,f,f,t,f,f,f,f,f,t,1.4,t,2.4,t,118,t,0.91,t,130,f,?,other,negative,2926
22,M,f,f,f,f,f,f,f,f,f,f,f,f,f,f,t,1.2,t,2.5,t,106,f,?,f,?,f,?,other,negative,2056
59,F,f,f,f,f,f,f,f,f,f,f,f,f,f,f,t,1.2,f,?,t,140,t,1.63,t,86,f,?,other,negative,3016
59,F,f,f,f,f,f,f,f,f,f,f,f,f,f,f,t,0.93,t,1.7,t,81,f,?,f,?,f,?,other,negative,2865
54,F,t,f,f,f,f,f,f,t,f,f,f,f,f,f,t,0.58,t,2.6,t,100,t,1.01,t,99,f,?,other,negative,3457
70,F,f,f,f,f,f,f,f,f,f,f,f,f,f,f,t,0.34,t,2.5,t,163,t,1.11,t,148,f,?,SVI,negative,1644
68,F,f,f,f,f,f,f,t,f,f,f,f,f,f,f,t,2.6,t,1.8,t,104,t,1.1,t,95,f,?,other,negative,3116
47,F,f,f,f,f,f,f,t,f,f,f,f,f,f,f,t,3.4,t,2.2,t,102,t,1.02,t,101,f,?,other,negative,3594
33,M,f,f,f,f,f,f,f,f,f,f,f,f,f,f,t,1.9,t,2.1,t,69,t,0.74,t,93,f,?,other,negative,2437
37,M,f,f,f,f,f,f,f,f,f,f,f,f,f,t,t,1.1,t,2.4,t,106,t,0.97,t,109,f,?,SVHC,negative,2463
56,M,f,f,f,f,f,f,f,t,f,f,f,f,f,f,t,0.05,t,1.9,t,137,t,1.09,t,126,f,?,SVI,negative,383
19,F,f,f,f,f,f,f,f,f,f,f,f,f,f,f,t,0.86,t,2.2,f,?,f,?,f,?,f,?,other,negative,2838
26,F,f,f,f,f,f,f,f,f,f,f,f,f,f,f,t,1.9,t,1.5,t,87,t,0.94,t,93,f,?,other,negative,996
28,F,f,f,f,f,f,f,f,f,f,f,f,f,f,f,t,0.47,t,2.2,t,161,t,1.05,t,153,f,?,SVHC,negative,3222
65,F,f,f,f,f,f,f,f,f,f,f,f,f,f,f,t,1.7,t,2.4,t,73,t,0.89,t,82,f,?,SVI,negative,2058
83,?,f,f,f,f,f,f,f,f,f,f,f,f,f,f,t,2.9,f,?,t,85,t,0.65,t,131,f,?,SVI,negative,3193
74,M,f,f,f,f,f,f,f,f,f,f,f,f,f,f,t,2.9,t,1.6,t,90,t,0.79,t,114,f,?,other,negative,3413
78,F,f,f,f,f,f,f,f,f,f,f,f,f,f,t,t,1.1,t,2,t,123,t,0.91,t,135,f,?,SVHC,negative,3018
50,F,t,f,f,f,f,f,f,f,f,f,f,f,f,f,t,0.15,f,?,t,248,t,1.5,t,165,f,?,other,negative,1863
31,F,f,f,f,f,f,f,f,f,f,f,f,t,f,f,t,0.95,t,2.6,t,152,t,1.4,t,110,f,?,other,negative,1161
64,M,f,f,f,f,f,f,f,f,f,f,f,f,f,f,t,4.6,t,1.5,t,133,t,1.08,t,124,f,?,SVI,negative,1136
49,F,f,f,f,f,f,f,f,f,f,f,f,f,f,f,t,1.7,t,2,t,155,t,1.01,t,154,f,?,other,negative,2959
47,M,f,f,f,f,f,f,f,f,f,f,f,f,f,f,t,1.3,f,?,t,98,t,1.14,t,86,f,?,SVI,negative,3353
16,F,f,f,f,f,f,f,f,f,f,f,f,f,f,f,t,2.3,t,2.4,t,110,t,0.92,t,119,f,?,SVI,negative,2984
40,?,f,f,f,f,f,f,f,f,f,f,f,f,f,f,t,34,t,1.7,t,78,t,0.9,t,87,f,?,other,negative,3312
27,F,f,f,t,f,f,f,f,f,f,f,f,f,f,f,t,2.3,t,2.6,t,100,f,?,f,?,f,?,other,negative,307
60,M,f,f,f,f,f,f,f,f,f,f,f,f,f,f,t,4.4,t,1,t,84,t,0.69,t,121,f,?,SVI,negative,1322
72,F,f,f,f,f,f,f,f,f,f,f,f,f,f,f,t,0.005,t,4.1,t,139,t,0.71,t,196,f,?,other,negative,3643
65,?,f,f,f,f,f,f,f,f,f,f,f,f,f,f,t,0.025,t,3.2,t,129,t,0.77,t,168,f,?,SVI,negative,838
58,F,f,f,f,f,f,f,f,f,f,f,f,f,f,f,t,0.15,t,2.5,t,87,t,0.79,t,109,f,?,other,negative,1975
56,M,f,f,f,f,f,f,f,f,f,f,f,f,f,f,f,?,t,2.2,t,74,t,0.86,t,86,f,?,other,negative,3648
61,M,f,f,f,f,f,f,f,f,f,f,f,f,f,f,f,?,f,?,f,?,f,?,f,?,f,?,other,negative,2341
54,M,f,f,f,f,f,f,f,f,f,f,f,f,f,f,t,14.4,t,1.1,t,51,t,0.68,t,75,f,?,SVI,negative,2990
65,F,f,f,f,f,f,f,f,f,f,f,f,f,f,f,f,?,f,?,f,?,f,?,f,?,f,?,other,negative,1820
62,M,f,f,f,f,f,f,f,f,f,f,f,f,f,f,t,1.2,t,1.4,t,113,t,1.03,t,110,f,?,SVI,negative,934
46,M,f,f,f,f,f,f,f,f,f,f,f,f,f,t,t,4.8,t,2.9,t,132,t,1.27,t,104,f,?,SVHC,negative,1203
24,F,f,f,f,f,f,f,f,f,f,f,f,f,f,f,t,0.82,t,2.5,t,97,t,0.91,t,107,f,?,other,negative,2642
68,F,f,f,f,f,f,f,f,f,f,f,f,f,f,f,t,28,t,1.8,t,72,t,0.87,t,82,f,?,SVI,negative,2570
60,M,f,f,f,f,f,f,f,f,f,f,f,f,f,f,t,0.9,t,1.5,t,86,t,0.65,t,132,f,?,SVHC,negative,1306
70,F,f,f,f,f,f,f,t,f,f,f,f,f,f,f,t,1.2,f,?,t,109,t,1.08,t,100,f,?,other,negative,2334
61,M,f,f,f,f,f,f,f,f,f,f,f,f,f,f,t,0.44,f,?,t,75,t,0.6,t,124,f,?,SVI,negative,3095
76,M,f,f,f,f,f,f,f,f,f,f,f,f,f,f,t,3.4,f,?,t,77,t,0.67,t,115,f,?,SVI,negative,3708
20,F,f,f,f,f,f,f,f,f,f,f,f,f,f,f,t,1.2,t,2.1,t,106,t,0.92,t,115,f,?,STMW,negative,3005
55,F,f,f,f,f,f,f,f,f,f,f,f,f,f,f,t,2.4,t,2.3,t,104,t,1.03,t,101,f,?,SVHC,negative,3680
69,F,f,f,f,t,f,f,f,f,f,f,f,t,f,f,f,?,f,?,f,?,f,?,f,?,f,?,other,negative,479
33,F,f,f,f,f,f,f,f,f,f,f,t,f,f,f,f,?,f,?,f,?,f,?,f,?,f,?,other,negative,478
41,F,f,f,f,f,f,f,t,f,f,f,f,f,f,f,t,3.2,t,1.3,t,78,t,0.97,t,80,f,?,other,negative,1048
45,M,f,f,f,f,f,f,f,f,f,f,f,f,f,f,t,0.9,t,1.9,t,83,t,0.67,t,124,f,?,SVI,negative,1967
59,F,t,f,f,f,f,f,f,f,f,f,f,f,f,f,t,0.015,t,2.2,t,164,t,1.01,t,162,f,?,other,negative,2498
50,F,f,f,f,f,f,f,f,f,f,f,f,f,f,f,t,58,t,2.4,t,25,t,1.21,t,20,f,?,SVI,negative,1392
85,F,f,f,f,f,f,f,f,f,f,f,f,f,f,f,t,0.58,t,1.9,t,140,t,0.96,t,145,f,?,SVI,negative,2707
77,M,t,f,f,f,f,f,t,t,f,f,f,f,f,f,t,0.93,t,1.9,t,121,t,1.36,t,89,f,?,other,negative,1518
86,?,f,f,f,f,f,f,f,f,f,f,f,f,f,f,t,2,f,?,t,131,t,1.01,t,131,f,?,other,negative,3515
61,F,f,f,f,f,f,f,f,f,f,f,f,f,f,f,t,0.9,t,2.3,t,124,t,1.17,t,106,f,?,SVI,negative,725
32,M,f,f,f,f,f,f,f,f,f,f,t,f,f,f,t,1,t,2.4,t,121,t,1.2,t,101,f,?,other,negative,1833
72,F,t,f,f,f,f,f,f,f,f,f,f,f,f,f,t,0.74,t,1,t,82,t,0.86,t,95,f,?,SVHC,negative,2501
43,F,t,f,f,f,f,f,f,f,f,f,f,f,f,f,t,0.01,f,?,t,171,t,0.98,t,174,f,?,other,negative,1568
38,M,f,f,f,f,f,f,f,f,f,f,f,f,f,f,t,0.67,t,1.9,t,92,t,0.76,t,121,f,?,SVI,negative,1512
69,F,f,f,f,f,f,f,f,f,f,f,f,f,f,f,t,21,t,0.8,t,53,t,0.86,t,61,f,?,SVI,negative,1767
17,F,f,f,f,f,f,f,f,f,f,f,f,f,f,t,t,0.8,t,3.4,t,46,f,?,f,?,f,?,SVHC,negative,1657
35,F,f,f,f,f,f,f,f,f,f,f,f,f,f,f,f,?,f,?,t,67,t,0.9,t,75,f,?,other,negative,2018
42,F,t,f,f,f,f,f,f,f,f,f,f,f,f,f,t,0.02,t,2.6,t,203,t,1.01,t,200,f,?,other,negative,3265
53,F,f,f,f,f,f,f,f,f,f,f,f,f,f,f,t,165,t,0.4,t,17,t,1.19,t,14,f,?,other,negative,2201
46,M,f,f,f,f,f,f,f,f,f,f,f,f,f,f,t,4.2,t,2.2,t,68,f,?,f,?,f,?,other,negative,2419
53,F,f,f,f,f,f,f,f,f,f,f,f,f,f,f,t,0.06,t,1.9,t,135,t,1.02,t,132,f,?,other,negative,2477
60,F,f,f,f,f,f,f,f,t,f,f,f,f,f,f,t,8.9,f,?,t,75,t,0.97,t,77,f,?,other,negative,2694
31,F,f,f,f,f,f,f,f,f,f,f,f,f,f,f,t,4.8,t,2.6,t,93,t,1.18,t,79,f,?,STMW,negative,2125
37,F,f,f,f,f,f,f,f,f,f,f,f,f,f,f,t,3.1,t,2.1,t,87,t,0.75,t,115,f,?,other,negative,2887
83,F,f,f,f,f,f,f,f,f,f,f,f,f,f,f,t,7,f,?,t,71,t,0.78,t,90,f,?,other,negative,3206
55,F,f,f,f,f,f,f,f,t,f,f,f,f,f,f,t,1.7,t,1.9,t,132,t,1.15,t,114,f,?,SVI,negative,1217
24,F,f,f,f,f,f,f,f,f,t,f,f,f,f,f,t,0.78,t,2.5,t,148,t,1.23,t,120,f,?,other,negative,2675
65,F,f,f,f,f,f,f,f,f,f,f,f,f,f,f,t,4.7,t,1.6,t,72,t,0.85,t,85,f,?,other,negative,2992
16,F,t,f,f,f,f,f,f,f,f,f,f,f,f,f,t,2.7,t,1.9,t,112,t,1.26,t,89,f,?,other,negative,2353
27,M,f,f,f,f,f,f,f,f,f,f,f,f,f,f,f,?,f,?,t,79,t,0.79,t,100,f,?,other,negative,1727
27,F,f,f,f,f,f,f,f,f,f,f,f,f,f,f,t,5.4,t,2.2,t,75,t,0.9,t,84,f,?,SVI,negative,709
67,F,t,f,f,f,f,f,f,f,f,f,f,f,f,f,t,0.45,f,?,t,124,t,1.02,t,122,f,?,other,negative,2954
58,M,f,f,f,f,f,f,f,f,f,f,f,f,f,f,t,3,t,1.6,t,71,t,0.82,t,86,f,?,other,negative,3610
50,F,f,f,t,f,f,f,f,f,t,f,f,f,f,f,t,0.03,t,3.4,t,131,t,1.02,t,129,f,?,other,T3_toxic,3433
19,F,f,f,f,f,f,f,f,f,f,f,f,f,f,f,t,1.3,t,2.5,t,151,t,1.21,t,125,f,?,other,negative,360
55,M,f,f,f,f,f,f,f,f,f,f,f,f,f,f,t,2.1,t,0.8,t,75,t,0.77,t,98,f,?,SVI,negative,128
32,F,t,f,f,f,f,f,f,t,f,f,f,f,f,f,t,0.01,t,2.3,t,147,t,0.75,t,198,f,?,SVI,negative,1449
24,F,f,f,f,f,f,f,f,f,f,f,f,f,f,t,t,0.83,t,2.2,t,79,t,0.8,t,99,f,?,SVHC,negative,2882
62,F,f,f,f,f,f,f,f,f,f,f,f,f,f,f,t,1.1,t,1.9,t,113,t,1.14,t,99,f,?,other,negative,983
55,M,f,f,f,t,f,f,f,f,f,f,f,f,f,f,t,0.98,f,?,t,107,t,0.99,t,107,f,?,other,negative,3566
85,F,f,f,f,f,f,f,f,f,f,f,f,f,f,f,t,0.84,t,0.8,t,161,t,0.97,t,166,f,?,SVI,negative,1196
25,F,f,f,f,f,f,t,f,f,f,f,f,f,f,f,t,4.9,f,?,t,74,t,0.92,t,80,f,?,other,negative,205
20,F,f,f,f,f,f,f,f,f,f,f,f,f,f,f,t,1.5,t,2.5,t,94,t,1.04,t,90,f,?,other,negative,1168
53,M,t,f,f,f,f,f,f,f,f,f,f,f,f,f,t,0.63,t,1.6,t,115,t,0.9,t,128,f,?,other,negative,2493
54,F,f,f,f,f,f,f,f,f,f,f,f,f,f,t,t,3.3,t,0.7,t,76,t,0.72,t,105,f,?,SVHC,negative,3154
32,F,t,f,f,f,f,f,f,f,f,f,f,f,f,f,t,0.005,t,2.9,t,138,t,1.15,t,120,f,?,other,negative,3365
61,F,f,f,f,f,f,f,f,f,f,f,f,f,f,f,t,4.7,t,1.1,t,89,t,0.75,t,118,f,?,SVI,negative,811
28,F,f,f,f,f,f,f,f,f,t,f,f,f,f,f,t,0.1,t,1.8,t,85,t,0.78,t,109,f,?,other,negative,54
17,F,f,f,f,f,f,f,f,f,f,f,f,f,f,f,f,?,f,?,t,83,t,0.99,t,84,f,?,other,negative,1795
38,M,f,f,f,f,f,f,f,f,f,f,f,f,f,f,t,2.5,f,?,t,81,t,0.86,t,94,f,?,other,negative,3670
23,F,f,f,f,f,f,f,f,f,f,f,f,t,f,f,t,4.6,f,?,t,157,t,1.71,t,92,f,?,STMW,negative,3379
38,M,f,f,f,f,f,f,f,f,f,f,f,f,f,t,t,2.5,t,2.3,t,90,t,0.91,t,99,f,?,SVHC,negative,2766
76,F,f,f,f,f,f,f,f,t,f,f,f,f,f,f,t,0.25,t,0.8,t,78,t,0.75,t,104,f,?,other,negative,476
37,F,t,f,f,f,f,f,f,f,f,f,f,f,f,f,t,0.25,f,?,t,133,t,0.98,t,136,f,?,other,negative,1919
40,F,f,f,f,f,f,f,f,f,t,f,f,f,f,f,t,9.2,t,1.5,t,113,t,1.03,t,109,f,?,other,negative,1045
23,F,f,f,f,f,f,f,f,f,f,f,f,f,f,f,t,3.7,t,2.3,t,150,t,1.25,t,120,f,?,other,negative,2611
57,M,f,f,f,f,f,f,f,f,t,f,f,f,f,f,f,?,t,1.8,t,71,t,0.72,t,99,f,?,other,negative,1723
50,F,f,f,f,f,f,f,f,f,f,f,f,f,f,f,t,1.1,t,2.2,t,81,t,0.94,t,86,f,?,SVI,negative,735
39,F,f,f,f,f,f,f,f,f,f,f,f,f,f,f,t,24,t,1.9,t,65,f,?,f,?,f,?,other,negative,1851
63,F,f,f,f,f,f,f,f,t,f,f,f,f,f,f,t,2.3,t,2.3,t,111,t,1.06,t,105,f,?,other,negative,2687
31,F,f,f,f,f,f,f,f,f,f,f,f,f,f,f,t,1.1,t,2,t,98,t,0.84,t,117,f,?,other,negative,2628
23,M,f,f,f,f,f,f,f,f,f,f,f,f,f,f,t,0.78,t,2,t,102,t,0.97,t,106,f,?,SVHC,negative,3408
35,F,f,f,f,f,f,f,f,t,f,f,f,f,f,f,t,31,t,2.6,t,46,t,1,t,46,f,?,other,negative,2370
50,F,f,f,f,f,f,f,f,f,f,f,f,f,f,f,t,0.3,t,1.5,t,146,t,1.18,t,124,f,?,SVI,negative,591
18,F,f,f,f,f,f,f,f,t,f,f,f,f,f,f,t,9.6,t,2.4,t,220,t,1.68,t,131,f,?,STMW,negative,1764
83,F,f,f,f,t,f,f,f,f,f,f,f,f,f,f,t,2.5,f,?,t,118,t,0.97,t,121,f,?,other,negative,3184
58,F,f,f,f,f,f,f,f,f,f,f,f,f,f,f,t,22,t,2.3,t,197,t,0.92,t,213,f,?,SVI,negative,957
66,F,t,f,f,f,f,f,f,f,f,f,f,f,f,f,t,0.07,f,?,t,118,t,0.94,t,126,f,?,other,negative,827
25,F,f,f,f,f,f,f,f,f,f,f,f,f,f,f,f,?,f,?,f,?,f,?,f,?,f,?,other,negative,1956
63,?,f,f,f,f,f,f,f,f,f,f,f,f,f,f,f,?,f,?,t,162,t,0.81,t,200,f,?,other,hyperthyroid,2958
34,F,f,f,f,f,t,f,f,f,t,f,f,f,f,f,t,0.03,t,4.2,t,134,t,1.65,t,81,f,?,other,negative,1651
14,F,f,f,f,f,f,f,f,f,f,f,f,f,f,f,f,?,f,?,f,?,f,?,f,?,f,?,other,negative,2194
62,M,f,f,f,t,f,f,f,f,f,f,f,f,f,f,t,1.1,f,?,t,108,t,0.95,t,113,f,?,other,negative,3765
65,M,t,f,f,f,f,f,f,f,f,f,f,f,f,f,t,12,t,1.2,t,118,t,0.9,t,130,f,?,other,negative,3561
37,F,f,f,f,f,f,f,f,t,f,f,f,f,f,f,t,2.2,f,?,t,100,t,1.14,t,87,f,?,other,negative,1440
71,M,f,f,f,f,f,f,f,f,f,f,f,f,f,f,t,3.2,t,1.8,t,86,t,0.81,t,106,f,?,SVI,negative,1663
58,F,f,f,f,f,f,f,f,t,t,f,f,f,f,f,t,0.2,f,?,t,256,t,0.9,t,283,f,?,other,hyperthyroid,116
62,M,f,f,f,f,f,f,f,f,f,f,f,f,f,f,t,1.2,f,?,t,90,t,1.16,t,77,f,?,other,negative,1941
43,F,f,f,f,f,f,f,f,f,f,f,f,f,f,f,t,1.1,t,1.3,t,136,t,0.97,t,140,f,?,SVI,negative,837
70,M,f,f,f,f,f,f,f,f,f,f,f,f,f,f,t,0.43,f,?,t,116,t,0.78,t,149,f,?,SVI,negative,3192
62,M,f,f,f,f,f,f,f,f,f,f,f,f,f,f,t,0.37,t,1.2,t,91,t,0.95,t,96,f,?,other,negative,1232
54,F,f,f,f,f,f,f,f,f,f,f,f,f,f,f,t,3.1,t,3.8,t,157,t,1.52,t,103,f,?,SVI,negative,1647
33,F,f,f,f,f,f,f,f,f,f,f,f,f,f,f,f,?,t,1.9,f,?,f,?,f,?,f,?,other,negative,2486
52,M,f,t,f,f,f,f,f,f,f,f,f,f,f,f,f,?,f,?,t,98,t,0.71,t,138,f,?,other,negative,3275
57,M,f,f,f,f,f,f,f,f,f,f,f,f,f,f,t,0.9,t,1.5,t,91,t,0.79,t,115,f,?,SVHD,negative,411
51,F,f,f,f,f,f,f,f,f,f,f,f,f,f,f,t,12,t,1.5,t,106,t,0.92,t,115,f,?,SVI,negative,1009
56,F,t,f,f,f,f,f,f,f,f,f,f,f,f,f,t,9.5,f,?,t,115,t,1.31,t,88,f,?,other,negative,1162
47,M,f,f,f,f,f,f,f,f,f,f,f,f,f,f,t,0.6,t,2.9,t,113,t,1.13,t,100,f,?,other,negative,1747
27,F,f,f,f,f,f,f,f,f,f,f,f,f,f,f,t,0.94,t,2.9,t,92,t,0.93,t,100,f,?,SVHC,negative,2912
69,F,f,f,f,f,f,f,f,f,f,f,f,f,f,f,t,0.8,t,0.6,t,82,t,0.46,t,179,f,?,SVI,negative,1682
63,F,f,f,f,f,f,f,f,f,f,f,f,f,f,f,t,0.63,t,2.3,t,139,t,1.11,t,125,f,?,other,negative,3350
34,F,f,f,f,f,f,f,f,f,f,f,f,f,f,f,t,1.8,t,1.4,t,85,t,0.93,t,92,f,?,other,negative,1050
58,M,f,f,f,f,f,f,f,f,f,f,f,f,f,f,t,2.1,t,2.4,t,95,t,0.95,t,100,f,?,other,negative,459
74,F,f,f,f,f,f,f,f,t,f,f,f,f,f,f,t,0.6,t,1.6,t,95,t,1.07,t,89,f,?,SVI,negative,1712
41,F,t,f,f,f,f,f,f,t,f,f,f,f,f,f,t,2.8,f,?,t,149,t,1,t,148,f,?,other,negative,3398
93,F,f,f,f,t,f,f,f,f,f,f,f,f,f,f,t,3,t,0.9,t,92,t,0.81,t,112,f,?,SVI,negative,1199
36,F,f,f,f,f,f,f,f,f,f,f,f,f,f,f,t,2.9,t,1.4,t,92,t,0.92,t,101,f,?,SVI,negative,488
50,M,f,f,f,f,f,f,f,f,f,f,f,f,f,f,t,80,t,1.4,t,41,t,1.14,t,36,f,?,other,negative,1594
75,F,f,f,f,f,f,f,f,f,f,f,f,f,f,f,t,4.9,t,1.9,t,122,t,0.95,t,129,f,?,SVI,negative,1083
33,F,f,f,f,f,f,f,f,f,f,f,f,f,f,f,t,2.9,t,2.2,t,96,t,1.03,t,93,f,?,STMW,negative,1567
39,F,f,f,f,f,f,f,f,f,t,f,f,f,f,f,t,0.02,t,4,t,209,t,1.06,t,197,f,?,other,hyperthyroid,1376
27,F,f,f,f,f,f,f,f,f,f,f,f,f,f,f,t,0.055,t,8.5,t,244,t,0.98,t,249,f,?,other,hyperthyroid,2913
18,F,f,f,f,f,f,f,f,t,f,f,f,f,f,f,t,1.5,f,?,t,116,t,1.05,t,111,f,?,other,negative,2048
81,M,f,f,f,f,f,f,f,f,f,f,f,f,f,f,t,0.65,t,1.3,t,91,t,0.87,t,104,f,?,SVI,negative,836
58,F,f,f,f,f,f,f,f,f,f,f,f,f,f,f,t,4.2,t,2.1,t,83,t,1.19,t,69,f,?,SVI,negative,2377
28,F,f,f,f,f,f,f,f,f,f,f,f,f,f,f,t,5.9,t,2,t,126,t,1.26,t,100,f,?,other,negative,2723
33,F,f,f,f,f,f,f,f,f,f,f,f,f,f,t,t,1.8,t,2,t,139,t,1.02,t,137,f,?,SVHC,negative,800
59,?,f,f,f,f,f,f,t,f,f,f,f,f,f,f,t,0.25,t,2.4,t,109,t,0.97,t,113,f,?,other,negative,564
52,M,t,t,f,f,f,f,f,f,f,f,f,f,f,f,f,?,f,?,t,99,t,0.92,t,107,f,?,other,negative,3400
21,F,f,f,f,f,t,f,f,f,f,f,f,f,f,f,f,?,f,?,f,?,f,?,f,?,f,?,other,negative,325
57,F,f,f,f,f,f,f,f,f,t,f,f,f,f,f,t,2.6,t,0.7,t,115,f,?,f,?,f,?,SVI,negative,3591
75,F,f,f,f,f,f,f,f,f,f,f,f,t,f,f,t,0.045,t,2,t,146,t,1.05,t,139,f,?,SVI,negative,3624
84,F,f,f,f,f,f,f,f,f,f,f,f,f,f,f,t,3,t,1.4,t,103,t,1.1,t,94,f,?,other,negative,1229
28,F,f,f,f,f,f,f,f,f,f,f,f,f,f,t,t,0.7,t,2,t,45,f,?,f,?,f,?,SVHC,negative,1660
28,F,f,f,f,f,f,f,f,f,f,f,f,f,f,f,t,2.2,t,1.9,t,86,t,1.06,t,81,f,?,SVHC,negative,1514
58,M,f,f,f,f,f,f,f,f,f,f,f,f,f,f,t,0.9,t,2.3,t,102,t,1,t,102,f,?,SVHC,negative,708
79,F,f,f,f,t,f,f,f,f,f,f,f,f,f,f,t,2.8,t,1.5,t,105,t,1.05,t,100,f,?,other,negative,3770
56,M,f,f,f,f,f,f,f,f,f,f,f,f,f,f,t,0.2,t,2.1,t,69,t,0.81,t,86,f,?,other,negative,1739
22,F,f,f,f,f,f,f,f,f,t,f,f,f,f,f,t,0.56,t,2.7,t,179,t,1.25,t,143,f,?,other,negative,1621
15,F,f,f,f,f,f,f,f,f,f,f,f,f,f,f,t,0.04,t,1.4,t,103,t,0.85,t,120,f,?,SVI,negative,790
33,M,f,f,f,f,f,f,f,f,f,f,f,f,f,f,t,160,t,0.3,t,9.5,f,?,f,?,f,?,SVI,negative,799
74,M,f,f,f,f,f,f,f,f,f,f,f,f,f,f,t,3.3,t,1.8,t,98,t,0.83,t,118,f,?,other,negative,2903
12,M,f,f,f,f,f,f,f,f,f,f,f,f,f,f,t,2.1,t,2.7,t,93,f,?,f,?,f,?,SVI,negative,323
66,F,f,f,f,f,f,f,f,f,f,f,f,f,f,f,t,0.39,t,2.3,t,102,f,?,f,?,f,?,other,negative,818
58,F,f,f,f,f,f,f,f,f,f,f,f,f,f,f,t,0.3,t,3.1,t,151,t,1.4,t,108,f,?,SVHC,negative,1999
50,F,t,f,f,f,f,f,f,f,f,f,f,f,f,f,t,0.66,f,?,t,127,t,0.97,t,131,f,?,other,negative,3521
63,M,f,t,f,f,f,f,f,f,f,f,f,f,f,f,f,?,f,?,t,52,t,0.85,t,61,f,?,other,negative,156
56,F,t,f,f,f,f,f,f,f,f,f,f,f,f,f,t,0.3,t,2.8,t,141,t,0.99,t,142,f,?,other,negative,2386
58,F,f,f,f,f,f,f,f,f,f,f,f,f,f,f,t,0.21,t,0.9,t,122,t,1.04,t,117,f,?,SVI,negative,1560
76,F,t,f,f,f,f,f,f,f,f,f,f,f,f,f,t,0.1,t,2.1,t,98,t,1.01,t,97,f,?,other,negative,21
72,F,f,f,f,f,f,f,f,f,f,f,f,f,f,f,t,1,t,1.7,t,93,t,0.78,t,119,f,?,SVI,negative,62
50,M,f,f,f,f,f,f,f,f,f,f,f,f,f,f,t,0.53,t,2.1,t,94,t,0.95,t,99,f,?,SVI,negative,807
32,M,f,f,f,t,f,f,f,f,f,f,f,f,f,f,t,0.2,t,1.7,t,85,t,0.84,t,101,f,?,other,negative,668
58,M,f,f,f,f,f,f,f,f,f,f,f,f,f,f,t,0.82,t,2.2,t,100,t,0.98,t,102,f,?,other,negative,2644
78,F,f,f,f,f,f,f,f,f,f,f,f,f,f,f,t,0.57,t,1.9,t,90,t,0.88,t,102,f,?,other,negative,928
58,F,t,f,f,f,f,f,f,t,f,f,f,f,f,f,t,3.2,t,2.1,t,75,t,1.04,t,72,f,?,other,negative,1707
40,M,f,f,f,f,f,f,f,f,f,f,f,f,f,t,t,1.4,t,1.8,t,92,t,0.85,t,108,f,?,SVHC,negative,3619
66,M,f,f,f,f,f,f,f,f,f,f,f,f,f,t,t,4.5,t,1.3,t,89,t,0.73,t,121,f,?,SVHC,negative,1000
70,F,f,f,f,f,f,f,f,t,f,f,f,f,f,f,t,3.7,f,?,t,69,t,0.83,t,83,f,?,other,negative,112
15,F,t,f,f,f,f,f,f,f,f,f,f,f,f,f,t,145,t,1.7,t,19,t,1.13,t,17,f,?,other,negative,1393
70,F,f,f,f,f,f,f,f,t,t,f,f,f,f,f,t,1.3,t,1.8,t,94,t,0.86,t,110,f,?,SVI,negative,809
44,F,f,f,f,f,f,f,f,t,t,f,f,f,f,f,t,4.4,t,1.9,t,82,t,0.9,t,90,f,?,other,negative,1371
62,F,f,f,f,t,f,f,f,f,f,f,f,f,f,f,t,3.3,t,2,t,116,t,1.06,t,110,f,?,SVI,negative,2470
55,M,f,f,f,f,f,f,f,f,f,f,f,f,f,f,t,1.9,t,2.3,t,90,t,0.81,t,112,f,?,SVI,negative,2736
84,F,f,f,f,f,f,f,f,f,f,f,f,f,f,f,t,4.6,t,1.5,t,83,t,0.78,t,106,f,?,SVI,negative,2867
19,F,f,f,f,f,f,f,f,f,t,f,f,f,f,f,t,0.6,t,2.3,t,100,t,0.94,t,106,f,?,other,negative,562
29,F,t,f,f,f,f,f,f,f,f,f,f,f,f,f,t,0.05,t,2,t,127,t,0.92,t,138,f,?,other,negative,486
43,F,f,f,f,f,f,f,f,f,t,f,f,f,f,f,t,1.7,f,?,t,104,t,0.91,t,115,f,?,other,negative,3717
39,F,f,f,f,f,f,f,f,f,f,f,f,f,f,f,t,0.2,t,1.9,t,83,t,0.89,t,93,f,?,other,negative,647
71,M,t,f,f,f,f,f,f,t,f,f,f,f,f,f,t,25,t,0.3,t,31,t,0.68,t,46,f,?,SVI,negative,1634
22,F,f,f,f,f,f,f,f,f,f,f,f,f,f,f,t,2.6,t,1.1,t,102,t,0.81,t,125,f,?,other,negative,3262
28,M,f,f,f,f,f,f,f,f,f,f,f,f,f,f,t,0.25,t,2,t,99,t,0.8,t,124,f,?,SVHC,negative,706
62,F,f,f,f,f,f,f,f,f,t,f,f,f,f,f,t,1.1,t,2.4,t,81,t,0.97,t,84,f,?,other,negative,2085
45,M,f,f,f,f,f,f,f,f,f,f,f,f,f,f,t,0.25,t,1.4,t,86,t,0.75,t,114,f,?,SVHC,negative,707
83,F,f,f,f,f,f,f,f,f,f,f,f,f,f,f,t,0.43,t,0.4,t,92,t,0.75,t,123,f,?,SVI,negative,924
45,M,f,f,f,f,f,f,f,f,f,f,f,f,f,f,t,1.7,t,2,t,71,t,0.93,t,76,f,?,other,negative,1755
71,F,t,f,f,f,f,f,f,f,f,f,f,f,f,f,t,0.2,t,1.6,t,122,t,0.81,t,152,f,?,other,negative,123
60,F,f,f,f,f,f,f,f,f,f,f,f,f,f,f,t,0.77,t,3.2,t,175,t,1.47,t,119,f,?,other,negative,1305
43,F,f,f,f,t,f,f,f,f,f,f,f,f,f,f,t,0.95,t,1.9,t,101,t,0.81,t,125,f,?,other,negative,856
47,F,f,f,f,f,f,f,f,f,t,f,f,f,f,f,t,1.2,t,2.1,t,130,t,0.99,t,131,f,?,other,negative,1034
77,M,f,f,f,f,f,f,f,f,f,f,f,f,f,f,t,3.9,t,2,t,105,t,1.05,t,100,f,?,SVI,negative,357
65,F,t,f,f,f,f,f,f,f,f,f,f,f,f,f,t,0.03,t,1.9,t,139,t,0.84,t,165,f,?,other,negative,3429
45,F,f,f,f,f,f,f,f,f,f,f,f,f,f,f,t,2,t,1.7,t,93,t,0.84,t,111,f,?,other,negative,3135
52,M,f,f,f,f,f,f,f,f,f,f,f,f,f,f,t,1.1,t,2.7,t,159,t,1.19,t,134,f,?,SVHC,negative,175
19,F,f,f,f,f,f,f,f,f,f,f,f,f,f,f,t,2.8,t,1.4,t,96,t,0.88,t,109,f,?,other,negative,1357
27,F,f,f,f,f,f,f,f,f,f,f,f,f,f,f,t,0.15,t,1.6,t,101,t,1.09,t,92,f,?,SVHC,negative,1964
50,F,f,f,t,f,f,f,f,f,t,f,f,f,f,f,t,0.01,t,2.8,t,74,t,1.14,t,65,f,?,other,negative,3627
42,F,f,f,f,f,f,f,f,f,f,f,f,f,f,f,f,?,f,?,t,101,t,1.09,t,93,f,?,other,negative,3307
50,F,f,f,f,f,f,f,f,f,f,f,f,f,f,f,t,0.6,t,2,t,83,t,1.31,t,63,f,?,SVI,negative,3036
48,M,f,f,f,f,f,f,f,f,f,f,f,f,f,f,f,?,f,?,t,112,t,0.9,t,124,f,?,other,negative,2920
83,F,t,f,f,f,f,f,f,f,f,f,f,f,f,f,t,0.77,t,1.44,t,123,t,0.99,t,124,f,?,other,negative,3548
31,?,t,f,f,f,f,f,f,f,f,f,f,f,f,f,t,0.02,t,2.1,t,212,t,1.17,t,181,f,?,other,negative,2848
60,F,f,f,f,f,f,f,f,f,f,f,f,f,f,f,t,4.2,t,1.6,t,101,t,1.1,t,92,f,?,SVI,negative,1085
40,F,t,f,f,f,f,f,f,f,t,f,f,f,f,f,f,?,f,?,f,?,f,?,f,?,f,?,other,negative,425
77,F,f,f,f,f,f,f,f,f,f,f,f,f,f,f,t,0.06,f,?,t,125,t,1.07,t,117,f,?,other,negative,3732
62,F,f,f,f,f,f,f,f,f,f,f,f,f,f,f,t,4.4,t,2.6,t,98,t,0.93,t,105,f,?,other,negative,2742
34,F,f,f,t,f,f,f,f,f,t,f,f,f,f,f,t,27,t,4.4,t,273,t,1.22,t,222,f,?,STMW,secondary_toxic,3326
58,F,f,f,f,f,f,f,f,f,f,f,f,f,f,f,t,2.8,t,2.1,t,109,f,?,f,?,f,?,other,negative,2290
66,F,f,f,f,f,f,f,f,f,f,f,f,f,f,f,t,0.1,t,1.8,t,108,t,0.71,t,151,f,?,SVI,negative,44
38,F,f,f,f,f,f,f,f,f,f,f,f,f,f,f,t,2.8,t,2.2,t,57,t,0.92,t,63,f,?,SVHC,negative,1626
41,M,f,f,f,f,f,f,f,f,f,f,f,f,f,f,t,0.58,f,?,t,102,t,0.84,t,121,f,?,other,negative,2045
73,M,f,f,f,f,f,f,f,f,f,f,f,f,f,f,t,1.4,f,?,t,87,t,0.92,t,95,f,?,SVI,negative,3133
60,M,t,f,f,f,f,f,f,t,f,f,f,f,f,f,t,30.5,t,1,t,32,t,0.63,t,51,f,?,other,negative,3002
61,F,t,f,f,f,f,f,f,f,f,f,f,f,f,f,t,2.6,f,?,t,113,t,0.82,t,138,f,?,other,negative,3146
49,M,t,f,f,f,f,f,f,f,f,f,f,f,f,f,f,?,f,?,t,81,t,1.14,t,71,f,?,other,negative,713
70,F,f,f,f,f,f,f,f,f,f,f,f,f,f,f,t,2,t,2.2,t,138,t,1.24,t,111,f,?,other,negative,414
36,F,f,f,f,f,f,f,f,f,f,f,f,f,f,f,t,0.04,t,2.2,t,116,t,1.04,t,111,f,?,other,negative,1604
73,F,f,f,f,f,f,f,f,f,t,f,f,t,f,f,t,0.025,t,1.5,t,77,t,0.94,t,82,f,?,other,negative,817
52,M,f,f,f,f,f,f,f,f,f,f,f,f,f,f,t,0.015,t,2.7,t,122,t,0.83,t,147,f,?,other,negative,2491
52,M,f,f,f,f,f,f,f,f,f,f,f,f,f,f,t,4.5,f,?,t,75,t,0.84,t,89,f,?,SVI,negative,3288
37,F,f,f,f,f,f,f,f,f,f,f,f,f,f,f,t,1,t,2.3,t,89,t,0.94,t,95,f,?,other,negative,1788
69,F,t,f,f,f,f,f,f,f,f,f,f,f,f,f,t,5.9,t,1.8,t,163,t,1.09,t,149,f,?,other,negative,2110
29,F,f,f,f,f,f,f,f,f,f,f,f,f,f,f,f,?,f,?,t,90,t,1,t,90,f,?,other,negative,341
47,F,f,f,f,f,f,f,f,f,t,f,f,f,f,f,t,0.04,t,2,t,104,t,0.87,t,120,f,?,other,negative,3555
67,F,f,f,f,f,f,f,f,f,f,f,f,f,f,f,t,1.9,t,2.9,t,133,t,1.18,t,113,f,?,SVHC,negative,1513
60,M,f,f,f,t,f,f,f,t,f,f,f,f,f,f,t,2.7,f,?,t,88,t,1.07,t,82,f,?,other,negative,3020
77,F,f,f,f,f,f,f,f,f,f,f,f,f,f,f,f,?,f,?,f,?,f,?,f,?,f,?,other,negative,2256
71,F,t,f,f,f,f,f,f,t,f,f,f,f,f,f,t,1.1,f,?,t,108,t,1.05,t,104,f,?,other,negative,493
67,F,f,f,f,f,f,f,f,t,f,f,f,f,f,f,t,0.84,t,3.3,t,222,t,1.82,t,122,f,?,SVI,negative,2701
78,F,f,f,f,t,f,f,f,f,f,f,f,f,f,f,t,0.99,t,1.7,t,114,t,0.96,t,119,f,?,SVHD,negative,2362
62,F,f,f,f,f,f,f,f,f,f,f,f,f,f,f,f,?,t,1.4,f,?,f,?,f,?,f,?,other,negative,2863
57,M,f,f,f,t,f,f,f,f,f,f,f,f,f,f,t,0.2,t,2,t,91,t,1.18,t,77,f,?,SVI,negative,669
40,F,f,f,f,f,f,f,f,f,f,f,f,f,f,f,t,2.6,t,2.4,t,105,t,1.18,t,88,f,?,SVI,negative,1179
49,F,f,t,f,f,f,f,f,f,f,f,f,f,f,f,t,2.2,t,1.2,t,89,t,1.09,t,82,f,?,SVI,negative,418
45,F,f,f,f,f,f,f,f,f,f,f,f,f,f,f,t,0.07,f,?,t,168,t,0.92,t,183,f,?,other,negative,3745
49,M,f,f,f,f,f,f,f,f,t,f,f,f,f,f,f,?,t,2.4,t,111,t,1.07,t,104,f,?,other,negative,1676
61,F,f,f,f,f,f,f,f,t,f,f,f,f,f,f,t,1.1,t,1.4,t,110,f,?,f,?,f,?,other,negative,3010
66,F,f,f,f,f,f,f,f,f,f,f,f,f,f,f,t,0.25,t,0.6,t,110,t,0.83,t,133,f,?,SVI,negative,463
68,F,f,f,f,f,f,f,f,f,t,f,f,f,f,f,t,20,t,2.5,t,111,t,1.57,t,71,f,?,other,negative,1372
20,F,f,f,f,f,f,f,f,f,f,f,f,f,f,t,t,2.6,t,3.3,t,121,t,1.08,t,112,f,?,SVHC,negative,2530
34,F,f,f,f,f,f,f,f,f,f,f,f,f,f,f,t,0.035,t,3.1,t,142,t,1.47,t,97,f,?,other,negative,2236
62,F,f,f,f,f,f,f,f,f,f,f,f,f,f,f,t,0.3,t,2,t,89,t,0.89,t,99,f,?,other,negative,246
74,F,t,f,f,f,f,f,f,f,f,f,f,f,f,f,t,0.5,t,0.8,t,151,t,1.01,t,150,f,?,other,negative,977
47,F,f,f,f,f,f,f,f,f,f,f,f,f,f,f,t,0.6,t,2,t,142,t,1,t,142,f,?,SVI,negative,526
47,M,f,f,f,f,f,f,f,f,f,f,f,f,f,f,t,0.7,t,1.9,t,99,t,0.79,t,125,f,?,SVHC,negative,1748
56,F,f,f,f,f,f,f,f,f,t,f,f,f,f,f,f,?,t,2.7,t,120,t,1.27,t,95,f,?,other,negative,1533
29,F,f,f,f,f,f,f,f,f,f,f,f,f,f,f,t,3,t,2.2,t,86,t,1.09,t,79,f,?,other,negative,2703
78,F,f,f,f,f,f,f,f,f,f,f,f,f,f,f,t,2.9,t,1.7,t,104,t,0.76,t,137,f,?,SVI,negative,824
60,M,f,f,f,f,f,f,f,f,f,f,f,f,f,f,t,2.1,t,1.4,t,89,t,0.99,t,90,f,?,other,negative,1973
82,F,f,f,f,t,f,f,f,f,f,f,f,f,f,f,t,3.2,t,1.4,t,76,t,0.86,t,88,f,?,SVI,negative,2615
11,M,f,f,f,f,f,f,f,f,f,f,f,f,f,f,t,0.2,f,?,t,191,t,1.23,t,156,f,?,other,hyperthyroid,665
28,F,f,f,f,f,f,f,f,t,f,f,f,f,f,f,t,1,t,2.3,t,116,t,1.13,t,103,f,?,other,negative,2718
72,F,t,f,t,f,f,f,f,f,f,f,f,f,f,f,t,0.4,f,?,t,186,t,1.24,t,150,f,?,other,negative,189
33,F,f,f,f,f,f,f,f,f,t,f,f,f,f,f,t,0.2,t,1.5,t,157,t,0.91,t,172,f,?,other,hyperthyroid,446
38,F,f,f,f,f,f,f,f,f,f,f,t,t,f,f,f,?,f,?,f,?,f,?,f,?,f,?,other,negative,1040
60,M,f,f,f,f,f,f,f,f,f,f,f,f,f,f,t,0.15,t,7.6,t,120,t,1.04,t,116,f,?,SVI,negative,769
21,F,t,f,f,f,f,f,f,f,f,f,f,f,f,t,t,1.2,t,1.6,t,99,t,0.87,t,114,f,?,SVHC,negative,3369
78,M,f,f,f,f,f,f,f,f,f,f,f,f,f,f,t,0.03,t,1.8,t,122,t,1.07,t,114,f,?,SVI,negative,1025
28,F,f,f,f,f,f,f,f,f,f,f,f,f,f,f,t,1.9,f,?,t,104,t,1.06,t,98,f,?,other,negative,2852
72,F,f,f,f,f,f,f,f,f,f,f,f,f,f,f,t,1.4,t,1.4,t,115,t,0.97,t,118,f,?,SVHC,negative,1939
27,M,f,f,f,f,f,f,f,f,f,f,f,f,f,f,t,2.2,t,1.7,t,89,t,0.86,t,104,f,?,other,negative,3173
32,F,f,f,f,f,f,f,f,f,f,f,f,f,f,f,t,3,t,1.9,t,94,t,1.07,t,88,f,?,other,negative,1121
71,F,f,f,f,f,f,f,f,f,f,f,f,f,f,f,t,0.98,t,1.8,t,100,f,?,f,?,f,?,SVI,negative,1286
68,F,f,f,f,f,f,f,f,t,f,f,f,f,f,f,t,19,f,?,t,93,t,1.2,t,77,f,?,other,negative,2938
74,F,t,f,f,f,f,f,f,t,f,f,f,f,f,f,t,28,f,?,t,74,t,1.03,t,72,f,?,other,negative,899
49,M,f,f,f,f,f,t,f,f,f,f,f,f,f,f,t,0.015,f,?,t,137,t,0.8,t,170,f,?,other,negative,2558
65,F,f,f,f,f,f,f,f,f,f,f,f,f,f,f,t,3.2,t,1.4,t,84,t,0.96,t,88,f,?,SVI,negative,3137
76,M,f,f,f,f,f,f,f,t,f,f,f,f,f,f,t,0.65,t,1.5,t,111,t,0.96,t,116,f,?,other,negative,2391
55,?,f,f,f,f,f,f,f,t,f,f,f,f,f,t,t,0.59,f,?,t,118,t,1.03,t,114,f,?,SVHC,negative,3543
25,M,f,f,f,f,f,f,f,f,f,f,f,f,f,t,t,1.6,t,2.1,t,89,t,0.86,t,103,f,?,SVHC,negative,959
71,F,t,f,f,f,f,f,f,f,f,f,f,f,f,f,t,2.7,t,1.2,t,107,t,1.1,t,97,f,?,other,negative,2242
37,F,f,f,f,f,f,f,f,f,f,f,f,f,f,f,t,5.1,t,2.5,t,84,t,1.05,t,80,f,?,SVHC,negative,884
56,F,f,f,f,f,f,f,f,f,f,f,f,f,f,f,t,7.9,t,1.2,t,73,t,0.8,t,91,f,?,SVI,negative,1318
76,F,f,f,f,t,f,t,f,f,f,f,f,f,f,f,t,1.8,t,1.2,t,65,t,0.76,t,86,f,?,other,negative,2360
32,F,f,f,f,f,f,f,f,f,f,f,f,f,f,f,f,?,f,?,f,?,f,?,f,?,f,?,other,negative,315
48,F,f,f,f,f,f,f,f,f,f,f,f,f,f,f,t,4.4,t,1.6,t,61,t,1.09,t,56,f,?,other,negative,986
15,F,f,f,f,f,f,f,f,f,f,f,f,f,f,f,t,0.51,t,1.3,t,121,t,0.78,t,155,f,?,SVI,negative,1149
41,F,f,f,f,f,f,f,f,t,t,f,f,f,f,f,f,?,f,?,f,?,f,?,f,?,f,?,other,negative,2141
55,M,t,f,f,t,f,f,f,f,f,f,f,f,f,f,t,7.6,t,1,t,86,t,0.84,t,102,f,?,other,negative,89
71,M,t,f,f,f,f,f,f,f,f,f,f,f,f,f,t,7.8,t,1.4,t,111,t,0.96,t,116,f,?,SVI,negative,2250
30,M,f,f,f,f,f,f,f,f,f,f,f,f,f,f,t,3.2,f,?,t,97,t,0.69,t,141,f,?,other,negative,2800
56,F,f,f,f,f,f,f,f,t,f,f,f,f,f,f,t,1.4,t,2.3,t,111,t,0.97,t,115,f,?,other,negative,1751
18,?,f,f,f,f,f,f,f,f,f,f,f,f,f,f,t,4.2,f,?,t,78,t,0.77,t,102,f,?,SVI,negative,3631
38,F,f,f,f,f,f,f,f,f,f,f,f,f,f,f,t,0.61,t,1.7,t,107,t,0.81,t,132,f,?,SVI,negative,3404
55,F,f,f,f,f,f,f,f,f,f,f,f,f,f,f,t,0.28,t,2.1,t,116,t,1.14,t,102,f,?,other,negative,2524
75,M,f,f,f,t,f,f,f,f,f,f,f,f,f,f,t,0.02,f,?,t,150,t,0.88,t,171,f,?,SVHD,hyperthyroid,3348
39,M,f,f,f,f,f,f,f,f,f,f,f,f,f,f,t,3.2,t,3.1,t,99,t,1.01,t,98,f,?,SVHC,negative,1112
14,F,f,f,f,f,f,f,f,f,f,f,f,f,f,f,t,2.9,t,0.8,t,121,t,0.95,t,127,f,?,other,negative,2935
59,F,t,f,f,f,f,f,f,t,f,f,f,f,f,f,t,4,t,1.3,t,120,t,0.94,t,128,f,?,other,negative,2714
50,M,f,f,f,f,f,f,f,f,f,f,f,f,f,f,t,0.2,t,1.8,t,142,t,0.99,t,144,f,?,SVHC,negative,2879
56,F,f,f,f,f,f,f,f,f,f,f,f,f,f,f,t,0.4,t,2.3,t,120,t,1.03,t,117,f,?,other,negative,1868
36,F,f,f,f,f,f,f,f,f,f,f,f,f,f,f,t,25,t,0.3,t,10,t,1.18,t,8.4,f,?,other,negative,2275
35,?,f,f,f,f,f,f,f,f,f,f,f,f,f,f,f,?,f,?,t,73,t,0.91,t,81,f,?,other,negative,2452
69,F,t,f,f,f,f,f,f,f,f,f,f,f,f,f,t,4.9,f,?,t,116,t,1.1,t,105,f,?,other,negative,601
73,F,f,f,f,f,f,f,f,f,f,f,f,f,f,f,t,1.4,t,1.6,t,119,t,0.92,t,130,f,?,SVI,negative,1277
62,F,f,f,f,f,f,f,f,f,f,f,f,f,f,f,t,1.1,t,2.3,t,119,t,0.95,t,125,f,?,other,negative,2590
62,F,f,f,f,f,f,f,f,f,f,f,f,f,f,f,t,1.9,f,?,t,68,t,0.64,t,106,f,?,other,negative,3513
52,M,f,f,f,f,f,f,f,f,f,f,f,f,f,f,t,1.8,f,?,t,92,t,0.87,t,106,f,?,other,negative,3074
45,M,f,f,f,f,f,f,f,f,f,f,f,f,f,f,t,0.9,t,2.6,t,92,t,0.9,t,102,f,?,other,negative,1698
46,F,t,f,f,f,f,f,f,f,f,f,f,f,f,f,t,0.5,t,1.7,t,132,t,1.02,t,130,f,?,other,negative,2508
63,M,f,f,f,f,f,f,f,f,f,f,f,f,f,f,t,1.1,t,2.3,t,90,t,0.88,t,102,f,?,other,negative,335
75,M,f,f,f,f,f,f,f,f,f,f,f,f,f,f,t,1,t,1.5,t,121,t,0.8,t,153,f,?,SVI,negative,231
15,?,f,f,f,f,f,f,f,f,f,f,f,f,f,t,t,3.6,t,1.3,t,153,t,1,t,152,f,?,SVHC,negative,2937
71,F,f,f,f,f,f,f,f,f,f,f,f,f,f,f,t,0.02,t,2.2,t,152,t,0.78,t,196,f,?,SVI,hyperthyroid,2196
76,M,f,f,f,f,f,f,f,f,f,f,f,f,f,f,t,2.7,t,1.4,t,91,t,0.85,t,108,f,?,SVI,negative,3039
48,M,f,f,f,f,f,f,f,f,f,f,f,f,f,f,t,2.4,t,2.7,t,110,t,1.09,t,101,f,?,SVI,negative,892
33,F,f,f,f,f,t,f,f,f,f,f,t,f,f,f,t,3.9,t,2.2,t,120,t,1.41,t,85,f,?,other,negative,971
60,M,f,f,f,f,f,f,f,f,f,f,f,f,f,f,t,1.2,t,0.8,t,44,t,0.84,t,52,f,?,SVI,negative,655
51,F,f,f,f,f,f,t,f,f,f,f,f,f,f,f,t,2,f,?,t,109,t,0.91,t,120,f,?,other,negative,2799
23,F,f,f,f,f,f,f,f,f,f,f,f,f,f,f,t,1.9,t,1.6,t,88,t,0.89,t,100,f,?,other,negative,951
75,?,f,f,f,f,f,f,f,f,f,f,f,f,f,f,t,2.3,t,1.6,t,111,t,0.77,t,145,f,?,SVHC,negative,3088
37,F,f,f,f,f,f,f,f,f,f,f,f,f,f,f,t,1.7,t,2.5,t,139,t,1.12,t,124,f,?,other,negative,1224
23,?,f,f,f,t,f,f,f,f,f,f,f,f,f,f,t,4.1,t,1.9,t,66,t,0.85,t,77,f,?,SVHD,negative,2756
65,F,f,f,f,f,f,f,f,f,t,f,f,f,f,f,t,0.32,t,2.7,t,96,t,1.4,t,69,f,?,other,negative,3247
61,F,f,f,f,f,f,f,f,f,f,f,f,f,f,f,t,1.3,t,1.7,t,91,t,0.98,t,93,f,?,other,negative,1101
35,M,f,f,f,f,f,f,f,f,f,f,f,f,f,f,t,0.46,f,?,t,77,t,0.67,t,115,f,?,other,negative,3492
56,M,f,f,f,f,f,f,f,f,f,f,f,f,f,f,t,0.67,t,1.1,t,137,t,0.86,t,160,f,?,SVI,negative,1094
16,F,t,f,f,f,f,f,f,f,f,f,f,f,f,f,t,0.07,t,1.5,t,140,t,0.89,t,157,f,?,other,negative,2811
25,F,f,f,f,f,f,f,f,f,f,f,t,f,f,f,t,2,t,2.2,t,123,t,1.52,t,81,f,?,other,negative,1328
80,F,f,f,f,f,f,f,f,f,f,f,f,f,f,f,t,0.97,t,1.7,t,83,t,0.97,t,86,f,?,other,negative,2940
28,F,f,f,f,f,f,f,f,f,f,f,f,f,f,t,t,0.36,t,3,t,131,t,1.04,t,126,f,?,SVHC,negative,3286
59,F,f,f,f,f,f,f,f,t,f,f,f,f,f,f,t,0.9,t,3.6,t,112,t,1.18,t,96,f,?,other,negative,743
28,M,f,f,f,f,f,f,f,f,f,f,f,f,f,f,t,1,t,3.1,t,107,t,1.05,t,103,f,?,SVHC,negative,1969
66,F,t,f,f,f,f,f,f,f,f,f,f,f,f,f,t,1.5,t,1.5,t,129,t,1.02,t,127,f,?,other,negative,1314
38,M,f,f,f,f,f,f,f,f,f,f,f,f,f,f,f,?,f,?,f,?,f,?,f,?,f,?,other,negative,778
72,M,f,f,f,f,f,f,f,f,f,f,f,f,f,f,t,0.3,t,0.6,t,120,t,1.06,t,113,f,?,SVI,negative,32
55,F,t,f,f,f,f,f,f,f,f,f,f,f,f,f,t,0.015,t,1.9,t,115,t,0.77,t,149,f,?,other,negative,3542
34,F,f,f,f,f,f,f,f,t,f,t,f,f,f,f,t,6.3,t,2.7,t,153,t,1.7,t,90,f,?,SVHC,negative,1483
59,F,t,f,f,t,f,f,f,f,f,f,f,t,f,f,t,0.2,t,4.3,t,140,t,1.68,t,83,f,?,SVHD,goitre,633
27,F,f,f,f,f,f,f,f,t,f,f,f,f,f,f,t,2.1,f,?,t,70,t,0.48,t,146,f,?,other,negative,3160
89,F,f,f,f,f,f,f,f,f,f,f,f,f,f,f,t,0.25,t,1.2,t,70,t,1.06,t,66,f,?,SVI,negative,462
66,F,f,f,f,f,f,t,f,f,t,f,f,f,f,f,t,1.7,t,1.4,t,89,t,0.87,t,103,f,?,SVI,negative,1028
45,F,f,f,f,f,f,f,f,f,f,f,f,f,f,f,t,3,t,2.1,t,121,t,1.02,t,118,f,?,SVI,negative,1363
58,M,t,f,f,f,f,f,f,f,f,f,f,f,f,f,f,?,f,?,t,74,t,0.82,t,90,f,?,other,negative,471
34,?,f,f,f,f,f,f,f,f,f,f,f,f,f,f,t,3.3,t,1.6,t,83,t,0.7,t,118,f,?,other,negative,2698
83,F,f,f,f,f,f,f,f,f,f,f,f,f,f,f,t,2.5,t,1.5,t,91,t,0.81,t,113,f,?,other,negative,3208
48,F,f,f,f,f,f,f,f,f,f,f,f,f,f,f,t,4.9,t,1.9,t,101,f,?,f,?,f,?,other,negative,2172
73,F,f,f,f,f,f,f,f,f,f,f,f,f,f,f,t,47,t,1.1,t,52,t,0.9,t,58,f,?,other,negative,100
61,F,t,f,f,f,f,f,f,f,f,f,f,f,f,f,t,0.51,f,?,t,90,t,0.81,t,111,f,?,other,negative,2689
45,F,f,f,f,f,f,f,f,f,f,f,f,f,f,f,t,1.7,t,2.5,t,106,t,0.97,t,110,f,?,SVI,negative,1631
28,F,t,f,f,f,f,f,f,f,f,f,f,f,f,f,t,0.2,t,2,t,115,t,0.92,t,124,f,?,other,negative,115
29,F,f,f,f,f,f,f,f,f,t,f,f,t,f,f,f,?,t,1.6,t,86,t,0.78,t,111,f,?,other,negative,467
21,F,f,f,f,f,f,f,f,f,f,f,f,f,f,t,t,1.5,t,2.1,t,130,t,1.04,t,124,f,?,SVHC,negative,1601
29,F,f,f,f,f,f,f,f,f,f,f,f,f,f,f,t,1.6,t,2.6,t,89,t,0.98,t,91,f,?,other,negative,541
82,F,f,f,f,f,f,f,f,f,t,f,f,f,f,f,t,1.3,t,1.4,t,131,t,1.08,t,121,f,?,SVI,negative,2571
55,F,f,f,f,f,f,f,f,f,f,f,f,f,f,f,t,9.2,t,1.8,t,87,t,1.04,t,84,f,?,SVHC,negative,2970
34,F,f,f,f,f,t,f,f,f,t,f,f,t,f,f,t,0.25,t,3.9,t,139,t,1.27,t,110,f,?,other,goitre,540
45,M,f,f,f,f,f,f,f,f,t,f,f,f,f,f,t,0.2,t,2.1,t,101,t,0.84,t,121,f,?,SVI,negative,291
71,F,f,f,f,f,f,f,f,f,f,f,f,f,f,f,t,0.52,t,1.3,t,138,t,1.07,t,129,f,?,other,negative,961
78,F,f,f,f,t,f,f,f,f,f,f,f,f,f,f,f,?,f,?,f,?,f,?,f,?,f,?,other,negative,173
27,F,f,f,f,f,f,f,f,f,f,f,f,f,f,f,t,3.1,t,1.6,t,86,t,1.04,t,83,f,?,SVI,negative,3692
19,F,f,f,f,f,f,f,f,f,f,f,f,f,f,f,t,1.7,t,1.9,t,100,t,1.06,t,93,f,?,other,negative,3109
76,F,f,f,f,f,f,f,f,f,f,f,f,f,f,f,t,0.68,t,2,t,107,t,0.97,t,110,f,?,other,negative,1257
66,F,t,f,f,f,f,f,f,f,f,f,f,f,f,f,t,0.42,t,1.9,t,153,t,1.04,t,147,f,?,other,negative,2397
67,F,f,f,f,f,f,f,f,f,f,f,f,f,f,f,t,2.7,t,1.6,t,127,t,1,t,126,f,?,SVHC,negative,1415
60,F,f,f,f,f,f,f,f,f,f,f,f,f,f,f,t,0.5,t,1,t,73,t,0.82,t,89,f,?,SVHC,negative,1978
71,F,f,f,f,f,f,f,f,f,f,f,f,f,f,f,t,0.56,t,0.6,t,49,t,0.54,t,90,f,?,SVI,negative,1011
39,M,f,f,f,f,f,f,f,f,f,f,f,f,f,f,t,0.5,t,2.1,t,95,t,0.89,t,107,f,?,other,negative,513
48,F,f,f,f,f,f,f,f,f,f,f,f,f,f,f,t,0.5,t,1.4,t,80,t,0.88,t,91,f,?,SVI,negative,641
55,M,f,f,f,f,f,f,f,f,f,f,f,f,f,f,t,1.5,t,0.4,t,52,t,0.75,t,69,f,?,SVI,negative,2892
28,M,f,f,f,f,f,f,f,f,f,f,f,f,f,t,t,1.4,t,2.4,t,110,t,0.99,t,111,f,?,SVHC,negative,2579
19,?,t,f,f,f,f,f,f,f,f,f,f,f,f,f,t,5.7,t,1.9,t,104,t,1.1,t,94,f,?,other,negative,2389
66,F,f,f,f,f,f,f,f,f,f,f,f,f,f,f,t,3.8,t,1.9,t,119,t,1,t,119,f,?,other,negative,860
62,M,f,f,f,t,f,f,f,f,f,f,f,f,f,f,t,3.4,t,1.3,t,92,t,0.89,t,104,f,?,other,negative,994
32,F,f,f,f,f,f,f,f,f,f,f,f,f,f,f,t,0.64,t,1.7,t,102,t,0.76,t,134,f,?,SVHC,negative,2481
57,M,f,f,f,f,f,f,f,f,f,f,f,f,f,f,t,2.3,f,?,t,111,t,1.1,t,101,f,?,other,negative,1508
50,M,f,f,f,f,f,f,f,f,f,f,f,f,f,f,t,1.9,t,2,t,97,t,0.88,t,110,f,?,SVI,negative,2813
62,F,f,f,f,f,f,f,f,f,f,f,f,f,f,f,t,1.6,t,1.9,t,66,t,0.71,t,93,f,?,other,negative,1880
70,F,f,f,f,f,f,f,f,f,f,f,f,f,f,f,t,0.6,t,2.5,t,98,t,1.06,t,92,f,?,other,negative,618
59,F,t,f,f,f,f,f,f,f,f,f,f,f,f,f,t,0.025,t,5.7,t,372,t,1.27,t,291,f,?,SVHD,negative,1239
64,?,f,f,f,f,f,f,f,f,f,f,f,f,f,f,t,1.4,t,1.2,t,119,t,0.98,t,121,f,?,other,negative,2010
48,M,f,f,f,f,f,f,f,f,f,f,f,f,f,t,t,2.4,t,2,t,66,t,0.74,t,89,f,?,SVHC,negative,2347
42,F,f,f,f,f,f,f,f,f,t,f,f,f,f,f,t,6.2,t,1.7,t,72,t,0.89,t,81,f,?,other,negative,2340
36,M,f,f,f,f,f,f,f,f,f,f,f,f,f,f,t,0.3,t,1.1,t,69,t,0.6,t,114,f,?,SVI,negative,78
27,M,f,f,f,f,f,f,f,f,f,f,f,f,f,f,t,1.4,t,1.9,t,89,t,0.85,t,105,f,?,SVHC,negative,1348
45,F,f,f,f,f,f,f,f,f,f,f,f,f,f,f,t,6.7,t,2.5,t,98,t,0.88,t,111,f,?,other,negative,1505
89,F,f,f,f,f,f,f,f,f,f,f,f,f,f,f,t,0.7,t,1.5,t,120,t,0.92,t,130,f,?,SVI,negative,369
55,M,f,t,f,f,f,f,f,f,f,f,f,f,f,f,t,0.2,t,1.8,t,52,t,0.95,t,55,f,?,other,negative,598
57,F,f,f,f,f,f,f,f,f,f,f,f,f,f,f,t,1.5,t,2.5,t,135,t,1.02,t,132,f,?,other,negative,238
27,F,f,f,f,f,f,f,f,f,f,f,f,f,f,f,t,0.035,t,2.2,t,88,t,0.9,t,98,f,?,other,negative,2592
55,M,f,f,f,f,f,f,f,f,f,f,f,f,f,f,t,1.6,t,1.6,t,114,t,0.93,t,123,f,?,other,negative,2460
58,M,f,f,f,f,f,f,f,f,f,f,f,f,f,f,t,0.9,t,1.6,t,91,t,1.06,t,86,f,?,SVI,negative,422
21,?,f,f,f,f,t,f,f,f,f,f,f,t,f,f,t,2.4,t,3.5,t,171,t,1.49,t,115,f,?,STMW,goitre,2563
42,F,f,f,f,f,f,f,f,f,f,f,f,f,f,f,t,1.8,t,2,t,66,t,0.93,t,71,f,?,SVHC,negative,329
58,?,f,f,f,f,f,f,f,f,t,f,f,f,f,f,t,0.04,t,2.6,t,117,t,1.02,t,114,f,?,other,negative,880
59,F,f,f,f,f,f,f,f,f,f,f,f,f,f,f,t,0.82,t,2.6,t,180,t,1.42,t,126,f,?,SVI,negative,2032
68,F,f,f,f,f,f,f,f,f,f,f,f,f,f,f,t,4.8,t,2,t,87,t,0.95,t,91,f,?,other,negative,3300
62,M,f,f,f,f,f,f,f,f,f,f,f,f,f,f,t,17,t,1.7,t,65,t,0.68,t,97,f,?,other,negative,1812
46,F,t,f,f,f,f,f,f,f,f,f,f,f,f,f,t,0.02,t,1.9,t,116,t,0.9,t,129,f,?,other,negative,2505
58,F,f,f,f,f,f,f,t,f,f,f,f,f,f,f,t,2.4,f,?,t,122,t,1.12,t,108,f,?,other,negative,3739
70,F,f,f,f,f,f,f,f,f,f,f,f,f,f,f,t,3.5,t,2.5,t,123,t,1.15,t,107,f,?,SVI,negative,791
62,F,f,f,f,f,f,f,f,f,f,f,f,f,f,f,t,24,t,1.7,t,72,t,1.07,t,68,f,?,other,negative,761
59,M,f,f,f,f,f,f,f,f,f,f,f,f,f,f,t,0.9,t,2,t,97,t,0.71,t,135,f,?,SVI,negative,1340
64,F,t,f,f,f,f,f,f,t,f,f,f,f,f,f,t,0.85,t,1.1,t,99,t,1.11,t,90,f,?,SVI,negative,2220
52,M,f,f,f,f,f,f,t,f,f,f,f,f,f,f,t,1.2,t,1.7,t,92,t,0.76,t,121,f,?,other,negative,3554
75,F,f,f,f,f,f,f,f,f,f,f,f,f,f,f,t,0.33,t,1.8,t,134,t,0.97,t,138,f,?,other,negative,1656
37,M,f,f,f,f,f,f,f,f,f,f,f,f,f,t,t,0.6,t,2.1,t,148,t,1.19,t,124,f,?,SVHC,negative,1586
37,F,f,f,f,f,f,f,f,f,f,f,f,f,f,t,t,1.1,t,2,t,97,t,0.99,t,98,f,?,SVI,negative,584
44,M,f,f,f,f,f,f,f,f,f,t,f,f,f,f,t,3,t,1.4,t,103,t,0.88,t,118,f,?,SVHC,negative,2951
52,F,f,f,f,f,f,f,f,f,f,f,f,f,f,f,t,1.8,t,2.3,t,128,t,1.22,t,105,f,?,other,negative,1041
75,F,f,f,f,f,f,f,t,f,f,f,f,f,f,f,t,0.25,t,3.4,t,151,t,1.13,t,134,f,?,other,negative,473
74,F,f,f,f,f,f,f,f,f,f,f,f,f,f,f,t,0.25,t,0.8,t,103,t,0.73,t,141,f,?,SVI,negative,726
61,M,t,f,f,f,f,f,f,f,f,f,f,f,f,f,t,3.8,t,1.3,t,93,t,0.84,t,111,f,?,other,negative,1032
60,F,t,f,f,f,f,f,f,f,f,f,f,f,f,f,t,0.18,t,2.1,t,132,t,1.1,t,120,f,?,other,negative,1499
56,F,f,f,f,f,f,f,f,f,f,f,f,f,f,f,t,0.9,t,2.4,t,99,t,1.21,t,82,f,?,other,negative,678
69,F,f,f,f,f,f,f,f,f,f,f,f,f,f,f,t,1.1,t,1.9,t,135,t,0.96,t,141,f,?,SVI,negative,3191
25,F,f,f,f,f,f,f,f,t,f,f,f,f,f,f,t,3,t,2.1,t,93,t,1.01,t,92,f,?,other,negative,1329
29,M,f,f,f,t,f,f,f,f,f,f,f,f,f,f,t,1.3,t,0.9,t,74,t,0.71,t,104,f,?,SVI,negative,163
49,?,f,f,f,f,f,f,f,f,f,f,f,f,f,f,t,0.6,t,1.3,t,77,t,0.65,t,118,f,?,other,negative,690
44,M,t,f,f,f,f,f,f,f,f,f,f,f,f,f,t,0.26,f,?,t,127,t,1.03,t,124,f,?,other,negative,3224
74,M,f,f,f,f,f,f,f,f,f,f,f,f,f,f,t,2.6,t,2.1,t,149,t,1.02,t,147,f,?,other,negative,2513
42,M,f,f,t,f,f,f,f,f,t,f,f,f,f,f,t,0.67,t,1.9,t,74,t,0.79,t,93,f,?,other,negative,3355
18,F,t,f,f,f,f,f,f,f,f,f,f,f,f,f,t,1.1,f,?,t,93,t,1.04,t,89,f,?,STMW,negative,3202
24,M,t,f,f,t,f,f,f,f,f,f,f,f,f,f,t,3.3,t,1.2,t,70,t,0.87,t,80,f,?,SVI,negative,177
28,M,f,f,f,f,f,f,f,f,f,f,f,f,f,t,t,3.1,t,2.7,t,100,t,0.93,t,108,f,?,SVHC,negative,3635
57,F,f,f,f,f,f,f,f,f,f,f,f,f,f,f,t,2.9,t,1.5,t,85,t,0.84,t,102,f,?,other,negative,2831
20,?,f,f,f,f,f,f,f,f,f,f,f,f,f,f,t,1.6,t,1.4,t,96,f,?,f,?,f,?,SVI,negative,3477
67,?,f,f,f,f,f,f,f,f,f,f,f,f,f,f,t,2.8,t,2.2,t,105,t,0.91,t,115,f,?,other,negative,139
65,F,f,f,f,f,f,f,f,f,f,f,f,f,f,f,t,21,t,1.2,t,72,f,?,f,?,f,?,other,negative,1903
40,F,f,f,f,f,f,f,f,f,f,f,f,f,f,f,t,0.15,t,1.7,t,132,t,0.93,t,141,f,?,other,negative,586
21,F,f,f,f,f,f,f,f,f,f,f,f,f,f,f,t,1.5,t,2,t,76,t,1.03,t,73,f,?,other,negative,2973
20,F,t,f,f,f,f,f,f,f,f,f,f,f,f,f,f,?,f,?,f,?,f,?,f,?,f,?,other,negative,38
70,?,t,f,f,f,f,f,f,f,t,f,f,f,f,f,t,0.02,t,1.5,t,160,t,0.94,t,171,f,?,other,negative,3182
60,F,f,f,f,f,f,f,f,f,f,f,f,f,f,f,t,2.4,t,2.1,t,93,t,0.96,t,97,f,?,SVI,negative,2717
58,F,f,f,f,f,f,f,f,f,t,f,f,f,f,f,t,1.7,t,2.4,t,133,t,1.15,t,116,f,?,other,negative,624
12,F,f,f,f,t,f,f,f,f,f,f,f,f,f,f,t,2.4,f,?,t,166,t,1.2,t,138,f,?,other,negative,3319
62,M,f,f,f,f,f,f,f,f,f,f,f,f,f,f,t,5,f,?,t,82,t,0.81,t,101,f,?,SVHC,negative,3161
58,F,f,f,f,f,f,f,f,t,f,f,f,f,f,f,t,18,t,2.1,t,68,t,1.08,t,63,f,?,other,negative,2093
26,M,f,f,f,f,f,f,f,f,f,f,f,f,f,f,t,1.9,t,2.9,t,94,t,1.15,t,82,f,?,SVHC,negative,3387
51,M,f,f,f,f,f,f,f,f,f,f,f,f,f,f,t,1,t,2.2,t,95,t,0.96,t,100,f,?,SVHC,negative,3602
74,F,f,f,f,f,f,f,f,f,f,f,f,f,f,f,t,1,t,1.8,t,105,t,0.9,t,117,f,?,other,negative,223
43,M,f,f,f,f,f,f,f,f,f,f,f,f,f,f,t,1.4,t,2.2,t,75,t,0.85,t,88,f,?,SVI,negative,2051
29,F,f,f,f,f,f,f,f,t,f,f,f,f,f,f,t,1.6,t,2.2,t,87,t,0.95,t,92,f,?,other,negative,2545
60,F,f,f,f,f,f,f,f,f,f,f,f,f,f,f,t,1.4,t,1.7,t,103,t,0.89,t,116,f,?,SVI,negative,3410
15,M,f,f,f,f,f,f,f,f,f,f,f,f,f,f,t,3.4,t,4.5,t,97,f,?,f,?,f,?,other,negative,600
65,F,f,f,f,f,f,f,f,f,f,f,f,f,f,f,t,1.6,t,1.9,t,99,t,1.03,t,97,f,?,SVI,negative,1786
67,F,f,f,f,t,f,f,f,f,f,f,f,t,f,f,t,1.3,t,2.2,t,104,t,0.92,t,114,f,?,other,negative,2040
14,M,f,f,f,f,f,f,f,f,f,f,f,f,f,f,t,3.8,t,2.5,t,80,t,0.89,t,90,f,?,other,negative,3259
63,M,f,f,f,f,f,f,f,f,f,f,f,f,f,f,t,5.8,t,1.9,t,102,t,1.18,t,87,f,?,SVI,negative,1693
65,F,f,f,f,f,f,f,f,f,f,f,f,f,f,f,t,0.2,t,2.4,t,129,t,0.98,t,131,f,?,SVHC,negative,166
38,F,f,f,f,f,f,f,f,f,f,f,f,t,f,f,t,0.71,t,4.3,t,129,t,1.62,t,79,f,?,STMW,goitre,2416
45,M,f,f,f,f,f,f,f,f,f,f,f,f,f,f,t,1.9,t,2.5,t,114,t,1.01,t,113,f,?,other,negative,1517
83,F,f,f,f,f,f,f,f,f,f,f,f,f,f,f,t,1.5,t,2.2,t,112,t,0.97,t,115,f,?,other,negative,1430
48,M,f,f,f,f,f,f,f,f,f,f,f,f,f,f,t,0.3,t,2.6,t,119,t,1.2,t,100,f,?,other,negative,1808
52,F,f,f,f,f,f,f,f,f,f,f,f,f,f,t,t,2,t,1.8,t,88,t,0.86,t,102,f,?,SVHC,negative,1466
31,F,f,f,f,f,f,f,f,f,f,f,f,f,f,f,f,?,f,?,t,112,t,0.97,t,116,f,?,other,negative,2429
58,M,t,f,f,f,f,f,f,f,f,f,f,f,f,f,t,0.035,f,?,t,137,t,0.91,t,151,f,?,other,negative,1078
38,F,f,f,f,f,f,f,f,f,f,f,f,f,f,f,t,0.89,t,1.3,t,118,t,0.87,t,136,f,?,SVI,negative,1242
32,M,f,f,f,f,f,f,f,f,t,f,f,f,f,f,t,0.96,f,?,t,122,t,1.07,t,114,f,?,other,negative,1439
78,F,t,f,f,f,f,f,f,t,f,f,f,f,f,f,t,0.015,t,2.1,t,214,t,0.87,t,245,f,?,other,negative,3532
33,F,f,f,f,f,f,f,f,f,f,f,f,f,f,f,t,1,t,0.2,t,87,t,0.54,t,161,f,?,other,negative,2487
73,M,f,f,f,f,f,f,f,f,f,f,f,f,f,f,t,0.5,t,0.7,t,110,t,0.93,t,118,f,?,SVI,negative,654
28,M,f,f,f,f,f,f,f,f,f,f,f,f,f,f,t,0.05,t,1.6,t,91,t,0.88,t,103,f,?,SVHC,negative,57
55,?,f,f,f,f,f,f,f,f,f,f,f,f,f,t,f,?,f,?,t,89,t,0.96,t,93,f,?,SVHC,negative,3544
52,F,f,f,f,f,f,f,f,f,f,f,f,f,f,f,t,1.7,t,1.8,t,102,t,0.99,t,103,f,?,SVI,negative,1996
87,M,f,f,f,f,f,f,f,f,f,f,f,f,f,f,t,1,t,1.2,t,103,t,0.87,t,118,f,?,SVI,negative,3037
60,F,t,f,f,f,f,f,f,f,f,f,f,f,f,f,t,0.005,t,1.5,t,132,t,0.95,t,138,f,?,other,negative,1529
70,F,f,f,f,f,f,f,f,f,f,f,f,f,f,f,t,4.1,t,2,t,125,t,0.97,t,128,f,?,other,negative,1435
33,F,f,f,f,f,f,f,f,f,f,f,f,f,f,f,f,?,f,?,t,87,t,0.86,t,101,f,?,other,negative,209
76,M,f,f,f,f,f,f,f,f,f,f,f,f,f,f,t,0.69,t,2.3,t,138,t,1.04,t,133,f,?,SVI,negative,3534
65,F,f,f,f,f,f,f,f,f,f,f,f,f,f,f,t,0.6,t,2,t,144,t,1,t,145,f,?,SVHC,negative,351
42,F,f,f,f,f,f,f,f,f,f,f,f,f,f,f,t,1.3,t,2,t,87,t,0.73,t,118,f,?,SVI,negative,1649
28,M,f,f,f,f,f,f,f,f,f,f,f,f,f,f,t,1.4,t,2.1,t,135,t,0.92,t,147,f,?,other,negative,1490
21,?,f,t,f,f,f,f,f,f,f,f,f,f,f,f,f,?,t,2.8,t,143,t,1.25,t,114,f,?,other,negative,576
52,M,f,f,f,f,f,f,f,f,f,f,f,f,f,f,f,?,f,?,t,52,t,1.06,t,49,f,?,other,negative,2002
77,F,f,f,f,f,f,f,f,f,f,f,f,f,f,f,t,1.6,t,1.5,t,117,t,0.86,t,136,f,?,SVI,negative,3327
71,F,f,f,f,f,f,f,f,f,f,f,f,f,f,f,f,?,f,?,f,?,f,?,f,?,f,?,other,negative,2975
65,F,f,f,f,f,f,f,f,f,f,f,f,f,f,f,t,0.25,t,1.4,t,79,t,0.77,t,103,f,?,SVI,negative,727
40,M,f,f,f,f,f,f,f,f,f,f,f,f,f,f,t,0.26,f,?,t,120,t,1.06,t,114,f,?,other,negative,1411
57,M,t,f,f,f,f,f,f,f,t,f,f,f,f,f,t,50,t,1.3,t,64,f,?,f,?,f,?,other,negative,3654
47,F,f,f,f,f,f,f,f,f,f,f,f,f,f,f,t,0.61,t,1.4,t,107,t,0.86,t,124,f,?,other,negative,1346
55,F,f,f,f,f,f,f,f,f,f,f,f,f,f,t,t,2.6,t,1.9,t,115,t,1.02,t,114,f,?,SVHC,negative,3641
87,F,f,f,f,f,f,f,f,t,f,f,f,f,f,f,t,0.2,t,1.5,t,132,t,0.86,t,153,f,?,SVI,negative,1991
25,?,t,f,f,f,f,t,f,f,f,f,f,f,f,f,t,1.1,t,2.6,t,212,t,1.75,t,121,f,?,STMW,negative,2781
53,F,f,f,f,f,f,f,f,f,t,f,f,f,f,f,t,0.03,t,5.4,t,162,t,0.73,t,222,f,?,other,hyperthyroid,3437
58,F,f,f,f,f,f,f,f,f,f,f,f,f,f,f,t,1.9,f,?,t,96,t,0.87,t,110,f,?,SVI,negative,3663
19,F,f,f,f,f,f,f,f,f,f,f,f,f,f,f,f,?,f,?,f,?,f,?,f,?,f,?,other,negative,1900
65,F,f,f,f,f,f,f,f,f,t,f,f,f,f,f,t,0.02,t,3.1,t,114,t,0.91,t,126,f,?,other,T3_toxic,1333
87,F,f,f,f,f,f,f,f,f,f,f,f,f,f,f,f,?,f,?,f,?,f,?,f,?,f,?,other,negative,1992
21,F,f,f,f,f,f,f,f,f,f,f,f,f,f,f,t,1.8,t,2.6,t,120,t,1.2,t,100,f,?,STMW,negative,1208
65,F,t,f,f,f,f,f,f,f,f,f,f,f,f,f,t,0.47,t,0.8,t,154,t,0.75,t,204,f,?,other,negative,3731
43,F,f,f,f,f,f,f,f,t,f,f,f,f,f,t,t,6.5,t,1.8,t,60,t,0.89,t,67,f,?,SVHC,negative,2480
79,F,f,f,f,f,f,f,f,f,f,f,f,f,f,t,t,1.4,t,1.6,t,110,t,0.85,t,129,f,?,SVHC,negative,3412
28,M,f,f,f,f,f,f,f,f,f,f,f,f,f,t,t,0.5,t,2.2,t,89,t,1.06,t,84,f,?,other,negative,514
57,M,f,f,f,f,f,f,f,f,f,f,f,f,f,f,t,0.75,t,0.9,t,82,t,0.62,t,133,f,?,SVI,negative,2670
15,M,f,f,f,f,f,f,f,f,f,f,f,f,f,f,t,1.1,f,?,t,67,t,0.93,t,73,f,?,other,negative,1870
62,M,f,f,f,f,f,f,f,f,f,f,f,f,f,f,t,4.2,t,2.2,t,104,t,1.11,t,93,f,?,other,negative,2401
28,F,f,f,f,f,f,f,f,f,f,f,f,f,f,f,t,3.4,t,1.9,t,86,f,?,f,?,f,?,other,negative,3362
25,M,f,f,f,f,f,f,f,f,f,f,f,f,f,f,t,236,t,0.2,t,16,t,0.94,t,17,f,?,other,negative,3302
77,F,f,f,f,t,f,f,f,t,f,f,f,f,f,f,t,3.5,t,0.8,t,68,t,0.97,t,70,f,?,SVI,negative,3533
33,F,f,f,f,f,f,f,f,f,f,f,f,f,f,f,t,6.2,t,0.8,t,51,t,0.88,t,58,f,?,SVI,negative,2622
67,F,t,f,f,f,f,f,f,f,f,f,f,f,f,f,t,1.7,t,1.8,t,143,t,0.87,t,164,f,?,SVI,negative,2439
69,F,t,f,f,f,f,f,f,f,f,f,f,f,f,f,t,0.25,f,?,t,135,t,1.1,t,123,f,?,other,negative,719
29,M,f,f,f,f,f,f,f,f,f,f,f,f,f,f,t,0.9,t,2.7,t,156,t,1.25,t,125,f,?,SVHC,negative,2281
29,F,f,f,f,f,f,f,f,f,f,f,f,f,f,f,t,1.3,t,1.6,t,90,t,0.97,t,93,f,?,other,negative,1754
47,F,f,f,f,f,f,f,f,f,f,f,f,f,f,f,t,0.5,t,2.1,t,56,t,0.96,t,58,f,?,other,negative,1749
34,F,f,f,f,f,f,f,f,f,f,f,f,f,f,t,t,1.7,t,1.9,t,104,t,1.13,t,92,f,?,SVHC,negative,900
76,M,f,f,f,f,f,f,f,f,f,f,f,f,f,f,t,2.1,t,1.3,t,93,t,1.01,t,91,f,?,SVI,negative,739
42,M,f,f,f,f,f,f,f,f,f,f,f,f,f,f,t,52,t,0.8,t,28,t,0.86,t,33,f,?,other,negative,3644
78,M,f,f,f,f,f,f,f,f,f,f,f,f,f,f,t,1.5,t,1.3,t,116,t,0.97,t,119,f,?,SVI,negative,921
29,F,t,f,f,f,f,f,f,f,f,f,f,f,f,f,t,14,t,1.5,t,95,t,0.9,t,106,f,?,other,negative,677
49,F,t,f,f,f,f,f,f,f,f,f,f,f,f,f,t,0.25,f,?,t,184,t,0.86,t,214,f,?,other,negative,484
63,M,f,f,f,t,f,f,f,f,f,f,f,f,f,f,t,0.8,t,1.9,t,98,t,0.89,t,111,f,?,SVI,negative,695
36,F,f,f,f,f,f,f,f,f,f,f,f,f,f,f,t,2.4,t,3.1,t,133,t,1.53,t,87,f,?,STMW,negative,1209
54,F,f,f,f,t,f,f,f,f,f,f,f,f,f,f,t,0.4,f,?,t,60,t,0.87,t,69,f,?,other,negative,50
15,F,t,f,f,f,f,f,f,f,f,f,f,f,f,f,t,0.1,t,2.3,t,183,t,0.89,t,205,f,?,other,negative,1706
67,F,f,f,f,f,f,f,f,f,f,f,f,f,f,f,t,2.2,t,2,t,99,t,0.96,t,103,f,?,other,negative,1625
56,F,f,f,f,f,f,f,f,f,f,f,f,f,f,f,t,0.6,t,2.4,t,142,t,1.12,t,127,f,?,other,negative,381
75,M,f,f,f,f,f,f,f,f,f,f,f,f,f,f,t,1.4,t,2.1,t,115,t,0.97,t,119,f,?,other,negative,2182
64,F,t,f,f,f,f,f,f,f,f,f,f,f,f,f,t,6.7,t,2,t,110,t,1.17,t,94,f,?,other,negative,1887
37,M,f,f,f,f,f,f,f,f,f,f,f,f,f,f,t,2.6,t,2.3,t,68,t,0.94,t,72,f,?,other,negative,3013
26,F,f,f,f,f,f,f,f,f,f,f,f,f,f,f,t,1.3,f,?,t,98,t,1.04,t,95,f,?,other,negative,3377
85,F,f,f,f,f,f,f,f,f,f,f,f,f,f,f,t,3.3,t,2.3,t,120,t,0.96,t,126,f,?,SVI,negative,3063
29,F,f,f,f,f,f,f,f,f,f,f,f,f,f,f,t,1.6,t,2.7,t,87,t,0.85,t,102,f,?,other,negative,2078
16,?,f,f,f,f,f,f,f,f,f,f,f,f,f,f,t,3.1,t,1.1,t,96,t,0.87,t,111,f,?,SVI,negative,3478
85,F,f,f,f,f,f,f,f,f,f,f,f,f,f,f,t,0.8,t,2.1,t,100,t,1.06,t,95,f,?,SVI,negative,1875
77,F,f,f,f,f,f,f,f,f,f,f,f,f,f,f,t,23,t,0.5,t,33,t,0.67,t,49,f,?,SVI,negative,1813
27,F,f,f,t,f,t,f,f,f,f,f,f,f,f,f,t,0.005,t,2.5,t,145,t,1.45,t,100,f,?,other,negative,1014
69,F,f,f,f,f,f,f,f,f,f,f,f,f,f,f,t,0.01,t,2.4,t,127,t,0.84,t,152,f,?,other,negative,2406
48,F,f,f,f,f,f,f,f,f,f,f,f,f,f,f,t,0.42,t,2.4,t,134,t,1.14,t,117,f,?,other,negative,1336
21,F,f,f,f,f,f,f,f,f,f,f,f,f,f,f,t,5.1,f,?,t,87,t,0.89,t,98,f,?,other,negative,3502
27,F,f,f,f,f,f,f,f,f,f,f,f,f,f,f,t,2.2,t,2.3,t,105,t,0.97,t,109,f,?,other,negative,2518
75,F,t,f,f,f,f,f,f,f,f,f,f,f,f,f,t,0.1,t,1.9,t,152,t,0.81,t,188,f,?,other,negative,2017
72,F,t,f,f,t,f,f,f,f,f,f,f,f,f,f,t,1.7,f,?,t,113,t,0.85,t,132,f,?,other,negative,3084
26,F,f,f,f,f,f,f,f,f,f,f,f,f,f,f,t,0.2,t,5.1,t,187,t,1.17,t,160,f,?,other,hyperthyroid,134
49,F,t,f,f,f,f,f,f,f,f,f,f,f,f,f,t,0.93,f,?,t,74,t,0.87,t,85,f,?,other,negative,3270
56,F,f,f,f,f,f,f,f,f,f,f,f,f,f,f,t,0.4,f,?,f,?,f,?,f,?,f,?,other,negative,1035
73,F,f,f,f,f,f,f,f,f,f,f,f,f,f,f,t,0.56,t,1.3,t,70,t,0.93,t,75,f,?,SVI,negative,2850
27,F,f,f,f,f,f,f,f,f,f,f,f,f,f,f,f,?,f,?,f,?,f,?,f,?,f,?,other,negative,314
74,F,f,f,f,f,f,f,f,f,f,f,f,f,f,f,t,4.8,t,2.5,t,66,t,0.89,t,75,f,?,other,negative,3414
82,F,f,f,f,f,f,f,f,f,f,f,f,f,f,f,t,0.5,t,0.6,t,139,t,0.86,t,161,f,?,SVI,negative,571
26,F,f,f,f,f,f,f,f,f,f,f,f,f,f,f,t,3.4,f,?,t,104,t,1.12,t,92,f,?,other,negative,3662
49,F,f,f,f,f,f,f,f,f,f,f,f,f,f,f,t,4.5,t,3.2,t,84,t,0.84,t,100,f,?,other,negative,2641
52,M,f,f,f,f,f,f,f,f,f,f,f,f,f,f,t,0.9,f,?,t,100,t,0.79,t,127,f,?,other,negative,2995
83,M,f,f,f,f,f,f,f,f,f,f,f,f,f,f,t,2.8,t,1.1,t,66,t,0.71,t,93,f,?,SVI,negative,2167
54,M,f,f,f,f,f,f,f,f,f,f,f,f,f,f,t,2.3,t,1.7,t,105,f,?,f,?,f,?,SVI,negative,1178
32,F,f,f,f,f,f,t,f,f,f,f,f,f,f,f,t,4.1,f,?,t,117,t,1.51,t,78,f,?,other,negative,667
65,?,f,f,f,f,f,f,f,f,f,f,f,f,f,f,t,10,t,2,t,78,f,?,f,?,f,?,other,negative,2560
18,F,f,f,f,f,f,f,f,f,f,f,f,f,f,f,t,440,t,0.5,t,24,t,1.32,t,18,f,?,other,negative,902
50,?,t,f,f,f,f,f,f,t,f,f,f,f,f,f,t,1.7,t,1.8,t,113,t,1.01,t,112,f,?,STMW,negative,2757
46,F,f,f,f,f,f,f,f,f,f,f,f,f,f,f,t,0.91,t,2.4,t,124,t,1.05,t,118,f,?,other,negative,1573
85,F,f,f,f,f,f,f,f,f,f,f,f,f,f,f,t,6,t,2,t,103,f,?,f,?,f,?,other,negative,1258
68,M,f,f,f,f,f,f,f,f,f,f,f,f,f,f,t,3,t,2.6,t,117,t,1.24,t,94,f,?,SVI,negative,1231
69,F,f,f,f,f,f,f,f,f,f,f,f,f,f,f,t,2,t,1.7,t,109,t,0.93,t,117,f,?,other,negative,2728
73,F,f,f,f,f,f,f,f,f,f,f,f,f,f,f,t,2.4,t,2,t,119,t,0.92,t,129,f,?,SVI,negative,813
39,M,f,f,f,f,f,t,f,t,f,f,f,f,f,f,t,3.6,f,?,t,92,t,1.09,t,84,f,?,other,negative,877
28,F,f,f,f,f,f,f,f,f,f,f,f,f,f,f,t,139,t,0.9,t,36,t,0.9,t,40,f,?,other,negative,2433
38,M,f,f,f,f,f,f,f,f,f,f,f,f,f,t,t,0.73,t,2.4,t,135,t,1.05,t,129,f,?,SVHC,negative,1672
42,M,f,f,f,f,f,f,f,f,f,f,f,f,f,f,t,5.1,t,1.5,t,53,t,0.76,t,70,f,?,other,negative,2953
14,M,f,f,f,f,f,f,f,f,f,f,f,f,f,f,t,5.8,t,2.8,t,91,t,1.03,t,88,f,?,other,negative,1494
25,M,f,f,f,f,f,f,f,f,f,f,f,f,f,f,t,1.7,t,2,t,90,t,0.85,t,106,f,?,other,negative,2778
85,F,f,f,f,f,f,f,f,t,f,f,f,f,f,f,t,8,t,1.1,t,125,t,0.89,t,142,f,?,other,negative,878
51,F,f,f,f,f,f,f,f,f,f,f,f,f,f,f,t,2.4,t,2,t,143,t,1.31,t,109,f,?,other,negative,2855
51,M,f,f,f,f,f,f,f,f,f,f,f,f,f,f,t,2.4,t,2.5,t,106,t,0.81,t,130,f,?,SVI,negative,1137
41,F,f,f,f,f,f,f,f,f,t,f,f,f,f,f,f,?,f,?,f,?,f,?,f,?,f,?,other,negative,2746
56,M,f,f,f,f,f,f,f,f,t,f,f,f,f,f,t,1.4,t,1,t,99,t,0.7,t,142,f,?,SVI,negative,2156
52,M,f,f,f,f,f,t,t,f,f,f,f,f,f,f,t,0.04,t,1.9,t,86,t,0.77,t,112,f,?,other,negative,1496
49,F,f,f,f,f,f,f,f,f,f,f,f,f,f,f,t,1.1,f,?,t,124,t,1.15,t,108,f,?,other,negative,3185
41,F,f,f,f,f,f,f,f,f,f,f,f,f,f,t,t,0.82,t,1.4,t,129,t,0.88,t,147,f,?,SVHC,negative,3423
30,F,f,f,f,f,f,f,f,f,f,f,f,f,f,f,t,0.76,t,3.4,t,129,t,1.53,t,84,f,?,STMW,negative,3309
59,F,f,f,f,f,f,f,f,f,f,f,f,f,f,f,t,530,t,2,t,10,t,1.12,t,8.5,f,?,other,negative,2081
79,M,f,f,f,f,f,f,f,f,f,f,f,f,f,f,t,0.8,t,2.2,t,103,t,0.95,t,109,f,?,SVI,negative,569
63,F,f,f,f,f,f,f,f,f,f,f,f,f,f,f,t,4.9,t,1.9,t,90,t,0.98,t,92,f,?,other,negative,2896
31,?,f,f,f,f,f,f,f,f,f,f,f,f,f,f,t,0.4,t,2.5,t,165,t,0.9,t,184,f,?,STMW,negative,2731
68,M,f,f,f,f,f,f,f,f,f,f,f,f,f,f,t,0.05,t,0.2,t,115,t,0.92,t,126,f,?,SVI,negative,1002
79,F,f,f,f,t,f,f,f,f,f,f,f,f,f,f,t,1.3,t,0.9,t,102,t,0.95,t,107,f,?,SVI,negative,1401
53,F,f,f,f,f,f,f,f,f,f,f,f,f,f,f,t,0.19,t,1.8,t,124,t,1.12,t,110,f,?,other,negative,1458
54,M,f,f,f,f,f,f,f,f,f,f,f,f,f,t,t,0.1,t,1.9,t,102,t,0.93,t,110,f,?,SVHC,negative,51
54,F,f,f,f,f,f,f,f,f,f,f,f,t,f,f,t,0.7,t,2,t,95,t,0.99,t,96,f,?,other,negative,2320
58,F,f,f,f,f,f,f,f,f,f,f,f,f,f,f,t,7.5,t,1.6,t,82,t,1.08,t,77,f,?,other,negative,449
49,M,f,f,f,f,f,f,f,f,f,f,f,f,f,f,f,?,f,?,t,87,t,1.2,t,73,f,?,other,negative,3290
67,F,t,f,f,f,f,f,f,f,f,f,f,f,f,f,t,0.02,f,?,t,121,t,0.96,t,127,f,?,other,negative,2606
55,M,f,f,f,f,f,f,f,f,t,f,f,f,f,f,t,0.55,t,2.1,t,75,t,1.01,t,74,f,?,SVI,negative,1476
72,M,f,f,f,f,f,f,f,f,f,f,f,f,f,f,t,5.3,t,1,t,97,t,0.65,t,150,f,?,SVI,negative,2729
53,F,t,f,f,f,f,f,f,f,f,f,f,f,f,f,t,0.1,f,?,t,129,t,1.08,t,119,f,?,other,negative,45
48,F,f,f,f,f,f,f,f,f,f,f,f,f,f,f,t,0.3,t,2.4,t,117,t,1.02,t,115,f,?,other,negative,1791
80,F,f,f,f,f,f,f,f,f,f,f,f,f,f,f,t,2.6,t,2.2,t,97,t,1.04,t,94,f,?,other,negative,804
26,F,f,f,f,t,f,f,f,f,f,f,f,f,f,f,t,1.3,t,2.5,t,132,t,1.24,t,107,f,?,other,negative,222
71,F,f,f,f,f,f,f,f,f,f,f,f,f,f,f,t,0.6,t,1,t,88,t,0.94,t,94,f,?,SVHC,negative,1879
76,F,f,f,f,f,f,f,f,f,f,f,f,f,f,f,t,1.7,t,0.8,t,80,t,0.77,t,104,f,?,SVI,negative,504
45,M,f,f,f,f,f,f,f,t,t,f,f,f,f,f,t,1.2,t,2.7,t,120,t,1.13,t,106,f,?,other,negative,1516
61,F,f,f,f,f,f,f,f,f,f,f,f,f,f,f,t,0.35,t,1.4,t,108,t,1.02,t,105,f,?,SVI,negative,3484
48,F,f,f,f,f,f,f,f,f,t,f,f,f,f,f,t,3,f,?,t,90,t,1.14,t,79,f,?,other,negative,2006
49,F,f,f,f,f,f,f,f,f,f,f,f,f,f,f,t,1.3,t,1.6,t,126,t,0.87,t,145,f,?,SVI,negative,916
52,F,f,f,f,f,f,f,f,f,f,f,f,f,f,f,t,2.7,t,2.1,t,116,f,?,f,?,f,?,other,negative,923
53,M,f,f,t,f,f,f,f,f,f,f,f,f,f,f,t,0.05,t,2.2,t,89,t,0.83,t,107,f,?,other,negative,3706
58,M,f,f,f,f,f,f,f,f,f,f,f,f,f,f,t,3.7,t,1.6,t,76,t,0.81,t,95,f,?,other,negative,3578
35,F,f,f,f,f,f,f,f,f,f,f,f,f,f,f,t,2.3,t,2.3,t,83,t,1.19,t,69,f,?,SVHC,negative,2107
30,M,f,f,f,f,f,f,f,f,f,f,f,f,f,f,t,0.2,t,1.9,t,86,t,0.9,t,96,f,?,other,negative,114
60,M,f,f,f,f,f,f,f,f,f,f,f,f,f,f,t,2.5,t,1.3,t,119,t,0.88,t,135,f,?,SVI,negative,2826
17,F,t,f,f,f,f,f,f,f,f,f,f,f,f,f,t,0.25,f,?,t,117,t,0.92,t,126,f,?,other,negative,723
82,F,f,f,f,t,f,f,f,f,f,f,f,f,f,f,t,2.1,t,1.7,t,99,t,0.91,t,108,f,?,SVI,negative,2130
22,F,f,f,f,f,f,f,f,f,f,f,f,f,f,f,t,2.6,f,?,t,134,t,1.14,t,118,f,?,other,negative,1436
54,F,f,f,f,f,f,f,f,f,f,f,f,f,f,t,t,0.51,f,?,t,118,t,1.15,t,103,f,?,SVHC,negative,3075
58,M,f,f,f,f,f,f,f,f,f,f,f,f,f,f,t,1.7,t,2.3,t,124,t,1.25,t,99,f,?,SVI,negative,2146
68,?,f,f,f,f,f,f,f,f,f,f,f,f,f,f,t,2.5,t,3.5,f,?,f,?,f,?,f,?,other,negative,1653
54,M,f,f,f,f,f,f,f,f,t,f,f,f,f,f,t,16,t,1.5,t,60,t,0.78,t,77,f,?,SVI,negative,3153
23,F,f,f,f,f,f,f,f,f,f,f,f,f,f,f,t,2.6,t,2,t,104,t,1.06,t,98,f,?,other,negative,950
63,?,f,f,f,f,f,f,f,f,f,f,f,f,f,f,t,0.98,f,?,f,?,t,0.72,t,118,f,?,other,negative,3167
58,F,t,f,f,f,f,t,f,f,f,f,f,f,f,f,t,0.5,t,2.3,t,115,t,1,t,115,f,?,other,negative,348
56,F,f,f,f,f,f,f,f,f,f,f,f,f,f,f,t,0.25,t,2,t,83,t,0.87,t,96,f,?,SVHC,negative,1924
71,M,f,f,f,f,f,f,f,f,f,f,f,f,f,f,t,2.3,f,?,t,56,t,1.12,t,50,f,?,SVI,negative,3149
64,F,f,f,f,f,f,f,f,f,f,f,f,f,f,f,t,3.3,t,1.5,t,102,t,0.95,t,108,f,?,SVHC,negative,2436
84,F,f,f,f,f,f,f,f,f,t,f,f,f,f,f,f,?,f,?,t,88,t,0.87,t,100,f,?,other,negative,2792
34,F,f,f,f,f,f,f,f,f,f,f,f,f,f,f,t,0.85,t,2.5,t,108,t,1.09,t,99,f,?,other,negative,1482
36,F,f,f,f,f,f,f,f,f,f,f,t,f,f,f,t,0.9,t,2.8,t,126,t,1.29,t,98,f,?,other,negative,681
87,F,f,f,f,f,f,f,f,f,f,f,f,f,f,f,t,2.2,t,0.9,t,106,t,0.92,t,115,f,?,SVI,negative,2206
30,M,f,f,f,f,f,f,f,f,f,f,f,f,f,f,t,2.5,t,1.9,t,110,t,0.89,t,125,f,?,SVI,negative,1455
45,F,f,f,f,f,f,f,f,f,f,f,f,f,f,f,t,0.2,t,2,t,87,f,?,f,?,f,?,other,negative,132
26,F,f,f,f,f,f,f,f,f,f,f,f,f,f,f,t,4.5,t,2.1,t,113,t,1.02,t,111,f,?,SVHC,negative,2832
74,F,f,f,f,f,f,f,f,t,f,f,f,f,f,f,t,23,t,0.7,t,69,t,1.04,t,66,f,?,SVI,negative,1291
74,F,f,f,f,f,f,f,f,f,f,f,f,f,f,f,t,6.3,t,1.7,t,146,t,1.22,t,119,f,?,other,negative,2393
78,F,f,f,f,f,f,f,f,t,f,f,f,f,f,f,t,25,t,0.9,t,50,t,0.84,t,60,f,?,SVI,negative,28
65,F,f,f,f,f,f,f,f,f,f,f,f,f,f,f,f,?,f,?,f,?,f,?,f,?,f,?,other,negative,2989
88,F,f,f,f,f,f,f,f,f,f,f,f,f,f,f,t,0.83,t,1.5,t,89,t,0.94,t,95,f,?,SVI,negative,2100
19,M,f,f,f,f,f,f,f,f,f,f,f,f,f,f,t,0.84,t,2,t,98,t,0.88,t,112,f,?,SVI,negative,840
68,F,t,f,f,f,f,f,f,f,f,f,f,f,f,f,t,0.3,t,1.7,t,144,t,0.96,t,150,f,?,other,negative,409
75,F,t,f,f,f,f,f,f,f,f,f,f,f,f,f,t,12,t,2,t,141,t,1.13,t,125,f,?,other,negative,2919
73,F,t,f,f,f,f,f,f,t,f,f,f,f,f,f,t,0.03,t,1.7,t,127,t,0.89,t,143,f,?,other,negative,3444
76,F,f,f,f,f,f,f,f,f,f,f,f,f,f,f,t,27,t,2.3,t,135,t,1.54,t,88,f,?,other,negative,1391
76,F,f,f,f,f,f,f,f,f,f,f,f,f,f,f,t,0.005,t,3,t,158,t,0.87,t,183,f,?,other,hyperthyroid,2617
60,M,f,f,f,f,f,f,f,f,f,f,f,f,f,f,t,0.4,t,1.9,t,106,t,1.06,t,100,f,?,SVI,negative,1980
83,F,f,f,f,t,f,f,f,t,f,f,f,f,f,f,t,2.2,t,0.7,t,71,t,0.76,t,93,f,?,SVI,negative,2168
40,F,f,f,f,f,t,f,f,f,f,f,f,f,f,f,t,0.15,t,3,t,210,t,1.48,t,142,f,?,other,negative,436
34,M,f,f,f,f,f,f,f,f,f,f,f,f,f,f,t,0.03,t,1.6,t,96,t,0.97,t,99,f,?,other,negative,1051
47,F,f,f,f,f,f,f,f,f,f,f,f,f,f,f,t,1.1,t,2.3,t,113,t,1.1,t,103,f,?,SVI,negative,2764
84,F,t,f,f,f,f,f,f,f,f,f,f,f,f,f,t,26,f,?,t,73,t,1.03,t,72,f,?,other,negative,1724
62,M,t,f,f,f,f,f,f,f,f,f,f,f,f,f,t,2.4,t,2,t,103,t,0.95,t,109,f,?,other,negative,2595
51,F,f,f,f,f,f,f,f,f,f,f,f,f,f,f,t,1.5,t,2.4,t,103,t,1.14,t,90,f,?,other,negative,1738
37,M,f,f,f,f,f,f,f,f,t,f,f,f,f,f,f,?,f,?,f,?,f,?,f,?,f,?,other,negative,1530
51,M,f,f,f,f,f,f,f,f,f,f,f,f,f,f,t,0.2,t,2,t,113,t,0.84,t,134,f,?,SVI,negative,1986
58,M,f,f,f,f,f,f,f,f,f,f,f,f,f,f,t,0.64,t,1,t,103,f,?,f,?,f,?,SVI,negative,3213
36,F,f,f,f,f,f,f,f,f,f,f,f,f,f,f,t,22,t,0.2,t,4,t,1.01,t,4,f,?,other,negative,2801
29,M,f,f,f,f,f,f,f,f,f,f,f,f,f,t,t,0.25,t,2,t,35,f,?,f,?,f,?,SVHC,negative,2395
42,F,t,f,f,f,f,f,f,f,f,f,f,f,f,f,t,0.12,f,?,t,149,t,1.05,t,143,f,?,other,negative,834
88,F,f,f,f,f,f,f,f,f,f,f,f,f,f,f,t,1.2,t,2,t,123,t,1.16,t,107,f,?,other,negative,1350
69,F,f,f,f,f,f,f,f,f,f,f,f,f,f,f,t,0.69,t,1.6,t,89,t,0.96,t,93,f,?,other,negative,3245
33,M,f,f,f,f,f,f,f,f,f,f,f,f,f,f,t,1.2,t,2.2,t,118,t,0.89,t,132,f,?,SVHC,negative,2485
59,F,f,f,f,f,f,f,f,f,f,f,f,f,f,f,t,1.8,t,1.7,t,119,f,?,f,?,f,?,SVI,negative,1202
62,F,f,f,f,f,f,f,f,f,f,f,f,f,f,f,f,?,t,1.3,f,?,f,?,f,?,f,?,other,negative,3764
35,F,f,f,f,f,f,f,f,f,f,f,f,f,f,f,t,2.5,t,1.2,t,124,t,1.12,t,111,f,?,other,negative,2108
66,M,f,f,f,f,f,f,f,f,t,f,f,f,f,f,t,0.05,t,1.8,t,133,t,1.02,t,130,f,?,SVI,negative,532
45,M,f,f,f,f,f,f,f,f,f,f,f,f,f,f,t,0.2,t,1.8,t,94,t,0.84,t,111,f,?,SVHC,negative,631
60,F,f,f,f,f,f,f,f,f,f,f,f,f,f,f,t,6.5,f,?,t,45,t,0.47,t,96,f,?,other,negative,3197
35,F,f,f,f,f,f,f,f,f,f,f,f,f,f,f,f,?,f,?,f,?,f,?,f,?,f,?,other,negative,3540
55,M,f,f,f,f,f,f,f,f,f,f,f,f,f,f,t,0.15,t,2.5,t,109,t,0.75,t,145,f,?,SVHC,negative,1848
32,M,f,f,f,f,f,f,f,f,f,f,f,f,f,f,t,109,t,0.2,t,3,t,1.02,t,3,f,?,other,negative,521
43,F,f,f,f,f,f,f,f,f,f,f,f,f,f,f,t,0.7,t,2.5,t,99,t,1.12,t,89,f,?,STMW,negative,644
62,M,f,f,f,f,f,f,f,f,f,f,f,f,f,f,t,1.4,t,2,t,101,t,1.13,t,88,f,?,SVHC,negative,1451
29,M,f,f,f,f,f,f,f,f,f,f,f,f,f,f,f,?,f,?,f,?,f,?,f,?,f,?,other,negative,1854
46,M,f,f,f,f,f,f,f,f,f,f,f,f,f,f,t,0.25,t,2,t,112,t,1.01,t,111,f,?,SVI,negative,701
35,F,t,f,f,f,f,f,f,f,f,f,f,f,f,f,t,1.9,t,1.8,t,100,t,0.81,t,123,f,?,other,negative,2648
37,M,f,f,f,f,f,f,f,f,f,f,f,f,f,f,t,1.1,t,1.9,t,117,t,1,t,118,f,?,SVHC,negative,819
56,M,f,f,f,f,f,f,f,f,f,f,f,f,f,f,t,3.2,t,1.7,t,87,t,0.87,t,100,f,?,SVI,negative,3082
77,F,f,f,f,f,f,f,f,f,f,f,f,f,f,f,t,4.1,t,2.1,t,98,t,1.12,t,87,f,?,other,negative,2542
33,F,t,f,f,f,f,f,f,f,f,f,f,f,f,f,t,1.5,t,2.1,t,104,t,0.85,t,122,f,?,other,negative,3688
71,F,f,f,f,f,f,f,f,f,f,f,f,f,f,f,t,0.65,f,?,t,120,t,1.07,t,112,f,?,SVI,negative,3750
68,?,t,f,f,f,f,f,f,f,f,f,f,f,f,f,t,1.5,t,0.8,t,98,t,0.82,t,119,f,?,SVI,negative,3112
73,M,f,f,f,f,f,f,f,f,f,f,f,f,f,f,t,2.7,t,1.1,t,62,t,0.7,t,89,f,?,SVI,negative,3132
61,F,t,f,f,f,f,f,f,t,f,f,f,f,f,f,f,?,t,2,t,147,f,?,f,?,f,?,other,negative,285
16,F,f,f,f,f,f,t,f,f,f,f,f,f,f,f,t,30,t,1.2,t,30,t,1.45,t,21,f,?,other,negative,480
54,F,t,f,f,f,f,t,f,f,f,f,f,f,f,f,t,0.08,t,2.1,t,133,t,1.14,t,116,f,?,other,negative,1330
31,F,t,f,f,f,f,f,f,f,f,f,f,f,f,f,t,22,t,1.2,t,146,t,1.21,t,121,f,?,other,negative,2203
36,?,f,f,f,f,f,f,f,f,f,f,f,f,f,f,t,1.9,f,?,t,59,t,0.59,t,99,f,?,SVHC,negative,3392
55,M,f,f,f,f,f,f,f,f,f,f,f,f,f,f,t,1,t,1.8,t,95,t,0.95,t,101,f,?,SVI,negative,506
88,F,f,f,f,f,f,f,f,f,f,f,f,f,f,f,t,1.2,t,1.6,t,107,t,1.09,t,99,f,?,SVI,negative,1072
39,F,f,f,f,f,f,f,f,f,t,f,f,f,f,f,f,?,t,6.6,t,248,t,0.89,t,280,f,?,other,hyperthyroid,3233
72,F,f,f,f,f,f,f,f,f,f,f,f,f,f,f,t,0.005,t,2.1,t,98,t,0.9,t,109,f,?,SVHC,negative,3349
58,M,f,f,f,f,f,f,f,f,f,f,f,f,f,f,t,0.2,t,2.1,t,106,t,0.94,t,113,f,?,other,negative,96
56,M,f,f,f,f,f,f,f,f,f,f,f,f,f,f,t,1.6,t,1.9,t,97,t,0.99,t,99,f,?,other,negative,2248
86,F,f,f,f,f,f,f,f,f,f,f,f,f,f,f,t,0.05,t,2,t,79,t,0.62,t,126,f,?,SVI,negative,61
75,M,f,f,f,f,f,f,f,f,f,f,f,f,f,f,t,0.6,t,1.5,t,63,t,0.68,t,92,f,?,other,negative,651
48,M,f,f,f,f,f,f,f,f,f,f,f,f,f,f,f,?,t,2.4,t,130,t,1.24,t,105,f,?,other,negative,3473
38,?,f,f,f,f,f,f,f,f,f,f,f,f,f,f,t,1.2,t,2,t,101,t,1.01,t,100,f,?,SVHC,negative,1960
61,F,f,f,f,f,f,f,f,f,f,f,f,f,f,f,t,1.2,t,1.8,t,88,f,?,f,?,f,?,other,negative,2420
61,M,f,f,f,f,f,f,f,f,f,f,f,f,f,f,t,0.02,t,2.1,t,128,t,0.94,t,136,f,?,other,negative,1218
43,F,f,f,f,f,f,f,f,f,f,f,f,f,f,f,t,70,t,0.5,t,2.9,t,1.05,t,2.8,f,?,other,negative,110
47,?,f,f,f,t,f,f,f,f,f,f,f,f,f,f,t,0.02,t,1.9,t,111,t,0.93,t,119,f,?,other,negative,2765
53,F,t,f,f,f,f,f,f,f,f,f,f,f,f,f,t,0.02,t,2,t,131,t,0.93,t,142,f,?,other,negative,1385
40,M,f,f,f,f,f,f,f,f,f,f,f,f,f,f,f,?,f,?,t,63,t,0.88,t,72,f,?,other,negative,3310
32,F,f,f,f,f,f,f,f,f,f,f,f,f,f,f,t,1.6,t,1.3,t,119,t,0.9,t,133,f,?,SVI,negative,1753
28,F,f,f,t,f,f,f,f,f,f,f,f,f,f,f,t,0.3,t,2.9,t,171,t,1.2,t,143,f,?,other,negative,396
26,F,f,f,f,f,f,f,f,f,f,f,f,f,f,f,t,2.3,t,2,t,135,t,1.21,t,111,f,?,other,negative,887
60,F,f,f,f,f,f,f,f,f,f,f,f,f,f,f,f,?,f,?,f,?,f,?,f,?,f,?,other,negative,1906
39,F,f,f,f,f,f,f,f,f,f,f,f,f,f,t,t,1.9,t,2.4,t,95,t,1.21,t,78,f,?,other,negative,2239
22,?,f,f,f,f,f,f,f,f,f,f,f,f,f,f,t,3.1,t,2.7,t,136,t,1.27,t,107,f,?,other,negative,2710
36,F,f,f,f,f,f,f,f,f,f,f,f,f,f,f,t,6,t,1.7,t,121,t,1.12,t,108,f,?,other,negative,2981
73,F,f,f,f,f,f,f,f,f,f,f,f,f,f,f,t,0.025,t,2.3,t,122,t,0.86,t,142,f,?,other,negative,1278
72,M,f,f,f,f,f,f,f,f,f,f,f,f,f,f,t,2.3,t,2,t,106,t,1.01,t,105,f,?,SVI,negative,2292
65,F,f,f,f,f,f,f,f,f,f,f,f,f,f,f,t,0.89,t,2.6,t,95,t,1.01,t,95,f,?,other,negative,2076
60,F,f,f,f,f,f,f,f,f,f,f,f,f,f,f,t,1,t,1.5,t,102,f,?,f,?,f,?,other,negative,3021
67,M,f,f,f,f,f,f,f,f,f,f,f,f,f,f,t,4.3,t,2,t,125,t,1.01,t,124,f,?,SVI,negative,2669
61,F,f,f,f,f,f,f,f,f,f,f,f,f,f,f,t,0.025,f,?,t,113,t,0.98,t,116,f,?,other,negative,2409
40,F,f,f,f,f,f,f,f,f,f,f,f,f,f,f,t,3.6,t,2.5,t,95,t,1,t,95,f,?,STMW,negative,753
71,M,f,f,f,f,f,f,f,f,f,f,f,f,f,f,t,0.2,t,2.2,t,140,t,1.14,t,123,f,?,SVI,negative,1885
68,M,f,f,f,f,f,f,f,f,f,f,f,t,f,f,t,4,t,1.1,t,115,t,0.9,t,128,f,?,SVI,negative,2314
23,F,t,f,f,f,f,f,f,f,f,f,f,f,f,f,t,1.4,t,3,t,174,t,1.35,t,129,f,?,other,negative,2664
50,F,f,f,f,f,f,f,f,f,f,f,f,f,f,f,t,0.25,t,2,t,77,t,0.75,t,103,f,?,other,negative,1913
56,F,f,f,f,f,f,f,f,f,f,f,f,f,f,f,t,0.02,t,7.1,t,223,t,1,t,222,f,?,other,hyperthyroid,2711
36,F,f,f,f,f,f,f,f,f,f,f,f,f,f,f,t,0.24,t,2.4,t,119,t,1.1,t,109,f,?,other,negative,3187
36,M,f,f,f,t,f,f,f,f,f,f,f,f,f,f,f,?,f,?,f,?,f,?,f,?,f,?,other,negative,1805
47,F,t,f,f,f,f,f,f,f,f,f,f,f,f,f,t,0.01,t,4.2,t,214,t,1.45,t,148,f,?,other,negative,2526
83,F,f,f,f,f,f,f,f,f,f,f,f,f,f,f,t,0.68,t,2.2,t,105,f,?,f,?,f,?,other,negative,1429
70,F,f,f,f,f,f,t,f,f,f,f,f,f,f,f,t,0.025,t,1.7,t,141,t,0.88,t,160,f,?,SVI,negative,1248
33,F,f,f,f,f,f,f,f,f,f,f,f,f,f,f,t,1.5,t,2.5,t,109,t,1.11,t,98,f,?,other,negative,1612
43,F,t,f,f,f,f,f,f,f,f,f,f,f,f,f,t,1.9,t,1.8,t,114,t,0.92,t,125,f,?,other,negative,857
48,M,f,f,f,f,f,f,f,f,f,f,f,f,f,f,t,0.8,t,1.2,t,97,t,0.9,t,107,f,?,SVI,negative,640
71,F,t,f,f,f,f,f,f,f,f,f,f,f,f,f,t,4.7,t,1.7,t,93,t,0.98,t,94,f,?,other,negative,2495
61,F,f,f,f,f,f,f,f,f,f,f,f,f,f,f,f,?,f,?,t,91,t,0.71,t,128,f,?,other,negative,3520
59,F,f,f,f,f,f,f,f,f,f,f,f,f,f,f,t,0.82,t,1.4,t,91,t,0.97,t,94,f,?,other,negative,2634
61,F,f,f,f,t,f,t,f,f,f,f,f,f,f,f,t,1.8,t,1.9,t,102,t,1.06,t,97,f,?,SVHD,negative,2211
22,M,f,f,f,f,f,f,f,f,f,f,f,f,f,f,t,1.7,t,2.3,t,127,t,1,t,127,f,?,other,negative,1082
79,F,f,f,f,f,f,f,f,f,f,f,f,f,f,f,t,1.4,t,0.6,t,94,f,?,f,?,f,?,SVI,negative,3671
66,F,f,f,f,f,f,f,f,f,f,f,f,f,f,f,t,0.31,t,2,t,123,t,1.15,t,107,f,?,other,negative,2805
69,F,f,f,f,f,f,f,f,f,f,f,f,f,f,f,t,6.8,t,2.2,t,77,f,?,f,?,f,?,other,negative,150
38,F,f,f,f,f,f,f,f,f,f,f,f,f,f,f,t,0.5,t,4.7,t,172,t,1.83,t,94,f,?,STMW,negative,646
58,M,f,f,f,f,f,f,f,f,f,f,f,f,f,f,t,0.5,t,3.4,t,91,t,0.97,t,94,f,?,SVI,negative,587
39,F,f,f,f,f,f,f,f,f,f,f,f,t,f,f,f,?,f,?,f,?,f,?,f,?,f,?,other,negative,371
65,M,f,f,f,f,f,f,f,f,f,f,f,f,f,f,t,3.4,t,1.9,t,93,t,0.97,t,96,f,?,SVHC,negative,2636
61,F,t,f,f,f,f,f,f,t,f,f,f,f,f,f,t,0.41,t,1.2,t,116,t,0.87,t,134,f,?,SVI,negative,867
32,F,f,f,f,f,f,f,f,f,f,f,f,f,f,t,t,1.2,t,1.6,t,68,t,1.02,t,66,f,?,SVHC,negative,1212
24,F,f,f,f,f,f,f,f,f,f,f,f,f,f,f,f,?,f,?,t,103,t,1.09,t,95,f,?,other,negative,1260
34,F,f,f,f,f,f,f,f,f,f,f,f,f,f,f,t,0.73,t,1.8,t,97,t,0.97,t,101,f,?,SVI,negative,1262
70,F,f,f,f,f,f,f,f,f,f,f,f,f,f,f,t,5.1,t,0.2,t,59,t,0.73,t,82,f,?,SVI,negative,2098
73,F,f,f,f,f,f,f,f,f,f,f,f,f,f,f,t,0.01,t,1,t,101,t,0.86,t,117,f,?,SVI,negative,1507
74,F,f,f,f,f,f,f,f,f,f,f,f,f,f,f,t,1.8,t,2.6,t,131,t,1.18,t,111,f,?,other,negative,3068
62,F,f,f,f,f,f,f,f,f,f,f,f,f,f,f,t,13,f,?,t,75,t,1.35,t,55,f,?,SVI,negative,3081
69,F,f,f,f,f,f,f,f,f,f,f,f,f,f,f,t,20,t,1,t,51,t,0.84,t,61,f,?,SVI,negative,420
27,F,t,f,f,f,f,f,f,t,f,f,f,f,f,t,t,2.1,t,2.1,t,114,t,1.1,t,104,f,?,SVHC,negative,1602
75,F,t,f,f,f,f,f,f,f,f,f,f,f,f,f,t,1.9,f,?,t,124,t,0.86,t,144,f,?,other,negative,3742
7,M,f,f,f,f,f,f,f,f,f,f,f,f,f,f,t,0.4,t,2.3,t,54,t,0.86,t,63,f,?,other,negative,2152
63,F,f,f,f,f,f,f,f,f,f,f,f,f,f,f,t,8.2,t,2.1,t,80,t,1.02,t,78,f,?,other,negative,483
26,M,f,f,f,f,f,f,f,f,f,f,f,f,f,f,t,1.4,t,1.5,t,90,t,0.9,t,100,f,?,SVHC,negative,284
48,M,f,f,f,f,f,f,f,f,f,f,f,f,f,f,t,2.2,t,2.1,t,55,t,0.85,t,65,f,?,SVHC,negative,1968
34,F,t,f,f,f,f,f,f,f,f,f,t,f,f,f,f,?,f,?,t,103,t,1.38,t,75,f,?,other,negative,1801
61,F,f,f,f,f,f,f,f,f,f,f,f,f,f,f,t,6.2,t,2.3,t,118,t,1.3,t,91,f,?,other,negative,2775
25,F,f,f,f,f,f,f,f,f,f,f,f,f,f,f,f,?,f,?,t,78,t,0.9,t,87,f,?,other,negative,869
76,M,t,f,f,f,f,f,f,t,f,f,f,f,f,f,t,6.6,t,1,t,91,t,1.04,t,88,f,?,SVI,negative,770
38,F,f,f,f,f,f,f,f,f,f,f,f,f,f,t,t,4.8,t,2.4,t,114,t,0.84,t,135,f,?,SVHC,negative,90
56,F,f,f,f,f,f,f,f,f,f,f,f,f,f,f,t,0.6,t,2.7,t,100,t,1.04,t,96,f,?,other,negative,427
73,F,f,f,f,f,f,f,f,f,f,f,f,f,f,f,t,2.9,t,2,t,121,t,1.19,t,102,f,?,other,negative,2304
40,?,f,f,f,f,f,f,f,f,f,f,f,f,f,f,t,2.1,t,0.6,t,79,t,0.91,t,87,f,?,other,negative,3311
33,F,f,f,f,f,f,f,f,f,f,f,f,f,f,f,t,0.5,t,1.9,t,92,t,0.92,t,101,f,?,other,negative,368
45,M,f,f,f,f,f,f,f,f,f,f,f,f,f,f,t,1.3,t,2.3,t,88,t,0.84,t,106,f,?,SVHC,negative,495
54,M,f,f,f,f,f,f,f,f,f,f,f,f,f,f,t,2.1,t,2,t,92,t,1,t,92,f,?,SVI,negative,1104
68,F,f,f,f,f,f,f,f,f,f,f,f,f,f,f,t,1.2,f,?,t,95,t,1.02,t,93,f,?,other,negative,3471
71,F,f,f,f,f,f,f,f,f,f,f,f,f,f,f,t,1.6,t,0.3,t,73,t,0.9,t,81,f,?,other,negative,2345
50,F,t,f,f,f,f,f,f,f,f,f,f,f,f,f,t,1.3,t,2,t,94,t,0.96,t,98,f,?,other,negative,2432
81,F,f,f,f,f,f,f,f,f,f,f,f,f,f,f,t,1.3,t,1.6,t,94,t,0.8,t,119,f,?,other,negative,2699
38,F,f,f,f,f,f,f,f,f,f,f,f,f,f,f,f,?,f,?,f,?,f,?,f,?,f,?,other,negative,1817
60,F,t,f,f,f,f,f,f,f,f,f,f,f,f,f,t,400,t,0.5,t,11,t,1.19,t,9.1,f,?,other,negative,1054
32,F,f,f,f,f,f,f,f,f,f,f,f,f,f,f,t,7.9,t,2.2,t,76,t,1.01,t,75,f,?,SVHC,negative,821
22,F,f,f,f,f,f,f,f,f,f,f,f,f,f,f,t,1.3,t,1.9,t,94,t,0.89,t,105,f,?,other,negative,1598
29,F,f,f,f,t,f,f,f,f,f,f,f,f,f,f,t,0.2,t,0.9,t,54,t,0.76,t,72,f,?,SVI,negative,164
39,M,f,f,f,f,f,f,f,f,f,f,f,f,f,t,t,1,t,1.9,t,83,t,0.9,t,92,f,?,SVHC,negative,2878
59,M,f,f,f,f,f,f,f,f,f,f,f,f,f,f,t,1.2,t,1.2,t,70,t,0.71,t,99,f,?,other,negative,1778
79,M,f,f,f,f,f,f,f,f,f,f,f,f,f,f,f,?,t,3.1,t,162,t,0.78,t,209,f,?,other,hyperthyroid,1434
38,F,f,f,f,f,f,f,f,f,f,f,f,f,f,f,t,1.4,t,1.5,t,80,t,1.12,t,71,f,?,SVI,negative,1193
39,F,f,f,f,f,f,f,f,f,f,f,f,f,f,f,t,1.5,t,1.9,t,102,t,0.87,t,118,f,?,SVI,negative,272
77,F,f,f,f,f,f,f,f,f,f,f,f,f,f,f,t,0.045,t,1.2,t,67,t,0.96,t,69,f,?,other,negative,3045
66,M,f,f,f,f,f,f,f,f,f,f,f,f,f,f,t,0.9,t,1.9,t,72,t,0.84,t,86,f,?,other,negative,1708
65,F,f,f,f,f,f,f,f,f,f,f,f,f,f,f,t,1.02,t,3,t,130,f,?,f,?,f,?,other,negative,1578
74,F,f,f,f,f,f,f,f,f,f,f,f,f,f,f,f,?,t,1.9,t,98,t,1.06,t,92,f,?,other,negative,3618
40,F,f,f,f,f,f,f,f,f,f,f,f,f,f,f,t,2.8,t,1.6,t,75,t,0.76,t,99,f,?,other,negative,2978
56,F,t,f,f,f,f,f,t,t,f,f,f,f,f,f,t,2.2,t,1.4,t,88,t,0.77,t,114,f,?,other,negative,147
35,F,f,f,f,f,f,f,f,f,t,f,f,f,f,f,t,230,t,1.5,t,36,t,1.34,t,27,f,?,other,negative,2788
83,F,f,f,f,f,f,f,f,f,f,f,f,f,f,f,t,0.6,t,1.2,t,95,t,0.83,t,114,f,?,SVI,negative,1377
53,F,f,f,f,f,f,f,f,f,t,f,f,t,f,f,t,0.09,t,3.9,t,216,t,1.15,t,188,f,?,other,negative,3759
28,M,f,f,f,f,f,f,f,f,f,f,f,f,f,f,t,1.1,t,2,t,105,t,0.9,t,116,f,?,SVHC,negative,2046
50,M,f,f,f,f,f,f,f,f,f,f,f,f,f,f,t,0.005,t,2.4,t,153,t,1.19,t,129,f,?,other,negative,879
65,F,f,f,f,f,f,f,f,f,f,f,f,f,f,f,t,3.9,t,1.6,t,103,t,1.13,t,91,f,?,SVI,negative,3071
52,M,t,f,f,f,f,f,f,f,f,f,f,f,f,f,t,0.2,t,2.3,t,116,t,0.94,t,123,f,?,other,negative,686
36,M,f,t,f,f,f,f,f,f,f,f,f,f,f,f,t,0.25,t,1.8,t,124,t,0.75,t,166,f,?,SVI,negative,489
70,F,f,f,f,f,f,f,f,f,f,f,f,f,f,f,t,3.6,t,1.9,t,114,f,?,f,?,f,?,SVI,negative,3391
38,F,f,f,f,f,f,f,f,f,f,f,f,f,f,f,t,0.9,t,2.4,t,91,f,?,f,?,f,?,other,negative,268
53,F,f,f,f,f,f,f,f,f,f,f,f,t,f,f,t,0.005,f,?,t,103,t,1.08,t,95,f,?,SVI,negative,3399
70,F,f,f,f,f,f,f,f,t,f,f,f,f,f,f,t,1.7,t,1,t,112,t,1.02,t,110,f,?,SVI,negative,982
56,M,f,f,f,f,f,f,f,f,f,f,f,f,f,f,t,0.8,t,1.8,t,76,t,0.8,t,95,f,?,SVI,negative,1757
48,F,f,f,f,f,f,f,f,f,f,f,f,f,f,f,t,2.8,t,2.7,t,102,t,0.94,t,109,f,?,SVHC,negative,2833
72,F,t,f,f,f,f,f,f,f,f,f,f,t,f,f,f,?,t,3.2,f,?,f,?,f,?,f,?,other,negative,65
58,F,f,f,f,f,f,f,f,f,t,f,f,f,f,f,t,1.1,t,2.3,t,60,t,0.89,t,68,f,?,other,negative,3584
30,F,f,f,f,f,t,f,f,f,f,f,f,f,f,f,t,1.1,t,3.6,t,159,t,1.65,t,96,f,?,STMW,negative,1540
65,M,f,f,f,f,f,f,f,f,f,f,f,f,f,t,t,3.1,t,2.7,t,131,t,1.03,t,126,f,?,SVHC,negative,1537
41,F,f,f,f,f,f,f,f,f,f,f,f,f,f,f,t,0.7,t,2.2,t,104,t,1.02,t,102,f,?,SVHC,negative,1872
25,M,f,f,f,f,f,f,f,f,f,f,f,f,f,t,t,1.8,t,2,t,90,t,0.92,t,98,f,?,SVHC,negative,2988
68,M,t,f,f,f,f,f,f,f,f,f,f,f,f,f,t,1.3,t,1.5,t,74,t,0.72,t,103,f,?,SVI,negative,433
26,F,f,f,f,f,f,f,f,f,f,f,f,f,f,f,t,1.9,t,2.5,t,102,t,1.16,t,87,f,?,other,negative,1607
54,F,t,f,f,f,f,f,f,f,f,f,f,f,f,f,t,7,f,?,t,95,t,0.98,t,98,f,?,other,negative,253
62,F,f,f,f,f,f,f,f,f,f,f,f,t,f,f,t,0.035,t,2.6,t,128,t,1.03,t,124,f,?,SVI,negative,2230
34,M,f,f,f,f,f,f,f,f,f,f,f,f,f,t,t,1.6,t,1.7,t,67,t,1.15,t,59,f,?,SVHC,negative,984
73,F,f,f,f,f,f,f,f,f,f,f,f,f,f,f,t,2.5,t,2.1,t,123,t,1.03,t,119,f,?,SVI,negative,257
63,F,f,f,f,f,f,f,f,f,f,f,f,f,f,f,t,8.2,t,2.1,t,80,t,1.01,t,79,f,?,other,negative,2214
60,M,f,f,f,f,f,f,f,f,f,f,f,f,f,f,t,5.73,t,1.8,t,109,t,1.05,t,104,f,?,SVI,negative,1090
52,M,f,f,f,f,f,f,f,f,f,f,f,f,f,t,t,2.3,t,2.5,t,114,t,1.07,t,106,f,?,SVHC,negative,2817
21,F,f,f,f,f,f,f,f,f,f,f,f,f,f,f,f,?,f,?,f,?,f,?,f,?,f,?,other,negative,2255
24,F,t,f,f,f,f,f,f,f,f,f,f,f,f,f,t,66,t,1,t,112,t,1.01,t,110,f,?,other,negative,1419
17,F,f,f,f,f,f,f,f,f,f,f,f,f,f,f,t,1.6,t,1.1,t,52,t,0.36,t,145,f,?,other,negative,3417
29,F,t,f,f,f,f,f,f,f,f,f,f,f,f,f,t,15,f,?,t,113,t,1.13,t,100,f,?,other,negative,3585
27,F,f,f,f,f,f,f,f,f,f,f,f,f,f,f,t,4.3,t,2.5,t,105,t,1.01,t,103,f,?,other,negative,874
31,F,f,f,f,f,t,f,f,f,f,f,f,t,f,f,f,?,t,2.9,t,159,t,1.43,t,111,f,?,other,goitre,187
27,F,f,f,f,f,f,f,f,f,f,f,f,f,f,f,t,13,f,?,t,87,t,0.85,t,103,f,?,SVI,negative,3693
27,F,f,t,f,f,t,f,f,f,f,f,f,f,f,f,t,2.2,t,4.1,t,157,t,2.01,t,78,f,?,other,negative,1302
70,F,f,f,f,f,f,f,f,f,f,f,f,f,f,f,t,0.15,t,1.1,t,171,t,1.09,t,157,f,?,other,negative,413
53,F,f,f,f,f,f,f,f,f,f,f,f,f,f,f,t,8.1,t,2.4,t,132,t,1.28,t,103,f,?,other,negative,938
68,F,f,f,f,f,f,f,f,f,f,f,f,f,f,f,t,1.4,t,2.4,t,149,t,1.18,t,126,f,?,other,negative,1828
31,F,f,f,f,f,f,f,f,f,f,f,f,f,f,f,t,3.4,f,?,t,104,t,0.94,t,112,f,?,STMW,negative,3713
31,F,t,f,f,f,t,f,f,f,t,f,f,f,f,f,t,0.44,t,1.5,t,75,t,0.92,t,81,f,?,STMW,negative,3260
43,F,t,f,f,f,f,f,f,t,f,f,f,f,f,f,t,2.6,t,1.8,t,137,t,1.02,t,134,f,?,other,negative,125
56,M,f,f,f,f,f,f,f,t,f,f,f,f,f,f,t,1.3,t,1.8,t,104,f,?,f,?,f,?,other,negative,2649
71,F,f,f,f,f,f,f,f,f,f,f,f,f,f,f,t,1.4,t,1.8,t,94,t,0.76,t,124,f,?,SVI,negative,2630
39,F,f,f,f,f,f,f,f,t,t,f,f,f,f,f,t,2,t,2.3,t,102,t,1.16,t,88,f,?,other,negative,2400
23,F,f,f,f,f,f,f,f,f,f,f,f,f,f,f,t,1.6,t,2.7,t,138,t,1.34,t,103,f,?,other,negative,2103
74,F,t,f,f,f,f,f,f,f,f,f,f,f,f,f,t,0.28,t,1.3,t,138,t,0.83,t,166,f,?,SVI,negative,2744
61,F,f,f,f,f,f,f,f,f,f,f,f,f,f,f,f,?,f,?,f,?,f,?,f,?,f,?,other,negative,2521
62,M,f,f,f,f,f,f,f,f,f,f,f,f,f,f,t,1.3,t,2.5,t,91,t,1.02,t,90,f,?,SVI,negative,3009
42,F,f,f,f,f,f,f,f,f,f,f,f,f,f,f,t,0.6,t,2.5,t,125,t,1.22,t,102,f,?,other,negative,585
70,F,f,f,f,f,f,f,f,f,f,f,f,f,f,f,t,0.82,t,2.4,t,96,t,0.91,t,105,f,?,SVI,negative,1545
77,M,f,f,f,f,f,f,f,f,f,f,f,f,f,f,t,0.9,t,2.4,t,100,t,0.8,t,124,f,?,SVI,negative,26
51,F,f,f,f,f,f,f,f,f,f,f,f,f,f,f,f,?,f,?,f,?,f,?,f,?,f,?,other,negative,263
75,M,f,f,f,f,f,f,f,f,f,f,f,f,f,f,t,1.8,t,2,t,84,t,0.9,t,93,f,?,SVI,negative,235
26,F,t,f,f,f,t,f,f,f,f,f,f,f,f,f,t,0.2,t,3.9,t,122,t,1.28,t,96,f,?,other,negative,1769
32,M,f,f,f,f,f,f,f,f,f,f,f,f,f,f,t,0.45,t,2.5,t,100,t,1.17,t,86,f,?,SVHC,negative,1638
47,F,f,f,f,f,f,f,f,f,f,f,f,f,f,f,t,0.68,t,1.8,t,104,t,0.89,t,117,f,?,other,negative,3092
59,M,f,f,f,f,f,f,f,f,f,f,f,f,f,f,t,0.7,t,2.8,t,87,t,1,t,87,f,?,SVI,negative,642
68,M,f,f,f,f,f,f,f,f,f,f,f,f,f,f,t,0.9,t,1.9,t,108,t,1.06,t,102,f,?,SVI,negative,1102
52,M,f,f,f,f,f,f,f,f,f,f,f,f,f,f,t,1,t,1.8,t,102,t,0.97,t,106,f,?,SVHC,negative,1219
74,F,f,f,f,f,f,f,f,t,f,f,f,f,f,f,t,1.3,t,1.2,t,89,t,0.94,t,95,f,?,other,negative,104
75,M,f,f,f,f,f,f,f,f,f,f,f,f,f,f,t,2,f,?,t,74,t,1.05,t,70,f,?,other,negative,3568
43,M,f,f,f,f,f,f,f,f,f,f,f,f,f,f,t,1.5,t,1.2,t,78,t,0.72,t,108,f,?,other,negative,333
74,F,f,f,f,f,f,f,f,t,f,f,f,f,f,f,t,23,t,0.2,t,50,t,0.85,t,58,f,?,SVI,negative,1067
77,F,f,f,f,f,f,f,f,f,f,f,f,f,f,f,t,0.8,t,1.4,t,124,t,1.2,t,103,f,?,SVI,negative,27
69,M,f,f,f,f,f,f,f,t,f,f,f,f,f,f,t,0.05,t,2.6,t,93,t,0.88,t,106,f,?,other,negative,195
36,F,f,f,f,t,f,f,f,f,f,f,f,f,f,f,f,?,t,1.8,t,82,f,?,f,?,f,?,SVI,negative,283
69,F,t,f,f,f,f,f,f,f,f,f,f,f,f,f,t,3.3,t,1.5,t,130,t,0.86,t,151,f,?,other,negative,1768
34,F,f,f,f,f,f,f,f,f,t,f,f,f,f,f,f,?,t,5.3,t,181,t,1.04,t,174,f,?,other,hyperthyroid,1775
84,M,f,f,f,f,f,f,f,f,f,f,f,f,f,f,t,0.6,t,2.1,t,110,t,1.04,t,106,f,?,SVI,negative,570
54,F,f,f,f,f,f,f,f,f,f,f,f,f,f,f,t,4.1,t,0.8,t,77,t,0.82,t,93,f,?,SVI,negative,1474
68,M,f,f,f,f,f,f,f,f,f,f,f,f,f,f,t,0.5,t,2.3,t,81,t,0.92,t,88,f,?,SVI,negative,428
31,M,f,f,f,f,f,f,f,f,f,f,f,f,f,f,t,0.8,t,2.6,t,113,t,0.91,t,123,f,?,other,negative,82
24,F,f,f,f,f,f,f,f,f,f,f,f,f,f,f,t,65,t,0.7,t,28,t,1,t,28,f,?,other,negative,1843
19,F,f,f,f,f,f,f,f,f,f,f,f,f,f,t,t,1.7,t,1.9,t,89,t,0.88,t,102,f,?,SVHC,negative,1735
55,M,f,f,f,f,f,f,f,f,f,f,f,f,f,f,t,0.6,t,1.1,t,95,t,0.97,t,98,f,?,SVI,negative,2368
80,F,f,f,f,f,f,f,f,f,f,f,f,f,f,f,t,0.8,t,2.3,t,124,t,1.04,t,118,f,?,SVI,negative,71
84,F,t,f,f,f,f,f,f,f,f,f,f,f,f,f,t,0.3,f,?,t,154,t,0.97,t,159,f,?,other,negative,395
56,M,f,f,f,f,f,f,f,f,f,f,f,f,f,f,t,0.05,t,0.7,t,50,t,0.25,t,205,f,?,other,negative,2259
43,?,t,f,f,f,f,f,f,f,f,f,f,f,f,f,t,6.6,t,1.4,t,137,t,1.12,t,123,f,?,other,negative,3261
59,F,f,f,f,f,f,f,f,f,f,f,f,f,f,f,t,0.4,t,2.1,t,78,t,0.82,t,95,f,?,other,negative,1937
79,F,t,f,f,f,f,f,f,f,f,f,f,f,f,f,t,5.1,t,2,t,107,t,1.04,t,104,f,?,other,negative,2843
81,F,f,f,f,f,f,f,f,f,f,f,f,f,f,f,t,2.5,t,1.8,t,76,t,1.02,t,75,f,?,SVI,negative,2136
60,F,f,f,f,f,f,f,f,t,f,f,f,f,f,f,t,8.2,t,1.7,t,65,t,0.96,t,68,f,?,SVI,negative,1554
22,F,f,f,f,f,f,f,f,f,f,f,f,f,f,f,t,1.3,t,2.3,t,83,t,0.97,t,85,f,?,SVHC,negative,1923
50,F,f,f,f,f,f,f,f,f,f,f,f,f,f,f,t,117,t,0.4,t,17,t,1.14,t,15,f,?,SVI,negative,1666
53,F,f,f,f,f,f,f,f,f,f,f,f,f,f,f,t,0.1,f,?,t,184,t,1.21,t,153,f,?,other,negative,346
23,F,f,f,f,f,f,f,f,f,f,t,f,f,f,t,t,2.1,t,3.1,t,116,t,1.2,t,96,f,?,SVHC,negative,2885
69,F,f,f,f,f,f,f,f,f,f,f,f,f,f,f,t,2.1,t,1.9,t,90,t,0.87,t,104,f,?,SVI,negative,2294
34,M,f,f,f,f,f,f,f,f,f,f,f,f,f,f,t,1.1,t,1.8,t,60,t,0.75,t,80,f,?,SVI,negative,445
59,F,f,f,f,f,f,f,f,f,f,f,f,f,f,f,f,?,f,?,f,?,f,?,f,?,f,?,other,negative,1865
59,M,f,f,f,f,f,f,f,f,f,f,f,f,f,f,t,0.9,t,2,t,88,f,?,f,?,f,?,other,negative,1834
49,F,f,t,f,f,f,f,f,f,f,f,f,f,f,f,t,0.1,t,2.7,t,141,t,1.17,t,120,f,?,SVI,negative,320
68,M,f,f,f,f,f,f,f,f,f,f,f,f,f,f,t,55,t,0.6,t,15,t,0.89,t,17,f,?,SVI,negative,2619
62,M,f,f,f,f,f,f,f,f,f,f,f,f,f,f,t,2.1,t,2.1,t,87,t,0.93,t,94,f,?,SVI,negative,25
35,M,f,f,f,f,f,f,f,f,f,f,f,f,f,f,t,0.25,t,0.4,t,38,t,1.08,t,35,f,?,SVI,negative,1917
78,F,f,f,f,f,f,f,f,f,f,f,f,f,f,f,t,6.3,t,1.1,t,56,t,0.86,t,65,f,?,SVI,negative,140
71,F,f,f,f,f,f,f,f,f,f,f,f,f,f,f,f,?,f,?,f,?,f,?,f,?,f,?,other,negative,966
50,F,f,f,f,f,f,f,f,t,t,f,f,t,f,f,t,40,t,2.2,t,75,t,1.01,t,74,f,?,other,negative,828
45,F,f,f,f,f,f,f,f,f,f,f,f,f,f,f,t,1.4,t,2.1,t,100,t,0.95,t,106,f,?,other,negative,1611
81,F,f,f,f,f,f,f,f,f,f,f,f,f,f,f,t,1.4,t,1,t,92,t,0.99,t,93,f,?,other,negative,3267
42,F,t,f,f,f,f,f,f,f,f,f,f,f,f,f,t,0.4,f,?,t,258,t,1.14,t,227,f,?,other,negative,1763
73,M,f,f,f,f,f,f,f,f,f,f,f,f,f,f,t,0.1,t,1.7,t,107,t,0.94,t,113,f,?,other,negative,1699
80,M,f,f,f,f,f,f,f,f,f,f,f,f,f,f,t,0.05,t,3.7,t,152,t,0.93,t,164,f,?,SVI,hyperthyroid,523
61,F,f,f,f,f,f,f,f,f,f,f,f,f,f,f,t,0.2,t,2.3,t,112,t,1.01,t,111,f,?,other,negative,693
77,M,f,f,f,f,f,f,f,f,f,f,f,f,f,f,t,1.3,t,1.3,t,102,t,0.95,t,108,f,?,SVI,negative,1052
38,F,f,f,f,f,f,f,f,f,f,f,f,f,f,f,t,2.8,t,2.4,t,96,t,0.98,t,99,f,?,other,negative,831
61,M,f,f,f,f,f,f,f,f,f,f,f,f,f,f,f,?,t,1,t,72,t,0.7,t,103,f,?,other,negative,1015
41,F,f,f,f,f,f,f,f,f,f,f,f,f,f,f,f,?,f,?,f,?,f,?,f,?,f,?,other,negative,2901
54,M,f,f,f,f,f,f,f,f,f,f,f,f,f,f,t,1.2,t,1.9,t,89,t,0.85,t,104,f,?,SVI,negative,2751
73,F,t,f,f,f,f,f,f,f,f,f,f,f,f,f,t,8.5,t,2.1,t,104,t,1.13,t,92,f,?,SVI,negative,2157
19,F,f,f,f,f,f,f,f,f,f,f,f,f,f,f,t,8.8,t,2.7,t,108,t,1.11,t,97,f,?,other,negative,1593
30,F,f,f,f,f,f,f,f,f,f,f,f,t,f,f,f,?,f,?,f,?,f,?,f,?,f,?,other,negative,2924
68,F,f,f,f,f,f,f,f,f,f,f,f,f,f,f,t,1,t,2.1,t,124,t,1.08,t,114,f,?,SVI,negative,974
74,F,f,f,f,f,f,f,f,f,t,f,f,f,f,f,t,5.1,t,1.8,t,112,t,1.07,t,105,f,?,other,negative,1493
72,M,f,f,f,f,f,f,f,f,f,f,f,f,f,f,t,0.7,t,2,t,82,t,0.94,t,87,f,?,SVI,negative,252
64,F,f,f,f,f,f,f,f,f,f,f,f,f,f,f,t,1,t,2.2,t,99,t,1.07,t,92,f,?,other,negative,2008
